text,sentiment
ReciÃ©n pude entrar y ya esta todo agotado ð­,sad
AÃºn dueleâ¦,joyful
"Pobrete! cuando eres un crio,tener la responsabilidad de una madre como estaba la suya,debe ser horroroso.CÃ³mo no va a ser un chico triste y desorientado? ParecÃ©is lobos hambrientos,los colaboradores .Un poco de compasiÃ³n no os vendrÃ­a mal#DeViernes5E",sad
"Dios mio, necesito mi telefono. Estoy incomunicado cada vez que salgo. Hasta que llegue a casa.",sad
me pitan tanto las orejas que creo que me va a salir humo de ellas como un dibujo animado,joyful
"La DirecciÃ³n de Vivienda de la AdministraciÃ³n Provincial cumple con el programa constructivo de 2023, con sacrificios de todos los que lo hicieron posible. #SanctiSpÃ­ritusEnMarcha #EstaEsLaRevoluciÃ³n",joyful
Osea q lo Ãºnico q no tenÃ­a adormecido Stephen Hawking era el cerebro y la pinchila,sad
"Se me pone un yt rubio a jugar de intrÃ©pido en Avellanas. Remo y me rema al lado. MarcÃ¡ndome el hp. Lo veo, me enjacha. Le digo ""quÃ© pura vida?""  -""sorry i don't speak spanish"".  -""Vaya a ver quiÃ©n se lo disfruta malparido, hable mi idioma antes de jugarme de local en mi tierra""",joyful
Soy una mÃ¡quina de generar pensamientos ansiosos,sad
Entre el resplandor de mil soles bajo el obscuro manto de la noche entre el ruido ensordecedor y las multitudes andando solo tu mirada prevalece solo tu sonrisa ilumina La estrella mÃ¡s hermosa en la GALaxia la estrella mÃ¡s hermosa la dueÃ±a de mis pensamientos.,sad
La voz de mi novio en inglÃ©s me excita.,sad
"SÃ© de sobra que Zoro es un personaje ficticio animado, pero por quÃ© estÃ¡ tan bueno???",joyful
les juro q yo estaba motivado y este aÃ±o iba a hacer 7945 proyectos nuevos pero la paja me esta ganando no puedo perder esta batalla,joyful
Eh wey las direccionales no gastan gasolina!!!!,joyful
"Â¿Se acuerdan cuando CFK hablaba todo el tiempo de""lawfare""? Y lo que ocurre ahora, con cientos de amparos contra un DNU positivo, desregulador, con cautelares exprÃ©s en Feria, y juzgados incompetentes actuando con impunidad Â¿cÃ³mo se llamarÃ­a? Se llama golpe civil K, por supuesto.",joyful
"Partido espeso, tÃ­pico de la vuelta de los polvorones.  3 ptos, campeones de invierno y el sÃ¡bado, Copa.  Muy flojos Modric y Fran  Rodry y Vini, con ganas y sin acierto.  Bellingham algo fatigado, Kroos y Fede, ni bien ni mal  Rudiger, soberbio y Tchou, cumplidor junto con Carva",sad
"Estoy adormilado. Un vato del team dijo algo asÃ­: ""Whenever you have a chance, can you check on rkngbfla?"" Y yo de: ""Check on quÃ©?"" ð¥¹",sad
"Holaaa, hoy tuve la idea de subir colabos no terminadas o colabos que no saldrÃ¡n o simplemente cosas que grabÃ© para probar, tal vez suba mÃ¡s con el paso de los dÃ­as pq ahorita me da flojera subirlas todas xdxd, pero aquÃ­ tienen algunas je",sad
Que pendejo es trabajar en el centro de tu ciudadâ¦ te das cuenta de absolutamente todo,sad
viernes 23:58  me puse a jugar al solitario se viene un nochon,sad
Yo solo quiero ir a un concierto del Travieso ð,joyful
"Benito Perojo a la altura de los LaCava y compaÃ±Ã­a de la comedia 30s hollywoodienses con LOS HIJOS DE LA NOCHE (La2, 00.48h), el DAMA POR UN DÃA (UN GÃNGSTER PARA UN MILAGRO) al servicio de una chispeante Estrellita Castro.",joyful
Que hoy haya amanecido tan risueÃ±o fue un abrazo al corazÃ³n y un mami todo estarÃ¡ bien ð¥¹,joyful
Es muy desorientador que hoy bÃ¡sicamente sea JUEVES ðµâð«,sad
"âEl Ã©xito no es definitivo, el fracaso no es fatÃ­dico. Lo que cuenta es el valor para continuarâ  Winston Churchill. âï¸",joyful
"HAMBURGUESAAAS. Â¡Claro! TambiÃ©n helado y banderillas si se puede.  Si, puede creerlo; se disculpa por eso. La tensiÃ³n la puso muy bromista.",joyful
"Pa que fume ese maldito cogollo, me dejo desorientado jajajajajaja",sad
Que gracioso baila joel xd #GranHermano,joyful
Ya me habÃ­a animado a organizar algo por mi cumpleaÃ±os y ya me acordÃ© por quÃ© no querÃ­a hacer nada.,joyful
"No es flojera, es un estado de ahorro de energÃ­a corporal.",sad
"El Ã©xito en #Twitter no es el anÃ¡lisis sesudo y sosegado, ni siquiera la verdad. El Ã©xito es la polÃ©mica estÃºpida y visceral, incluso mejor si es mentira.",sad
"vos despreocupado porque sabes que no me voy a ir, no porque no quiera si no porque si me soltas no se a donde seguir .",joyful
"El episodio 3 de #WhatIf a la altura del Thor juerguistaâ¦ Supongo que se puede comprar como especial navideÃ±o peroâ¦ se me ha hecho larguÃ­simo, personajes nada interesantes y fÃ­sicamente feos.",joyful
me pitan tanto las orejas que creo que me va a salir humo de ellas como un dibujo animado,joyful
"Soy un soÃ±ador, pero dormido no estoy!",sad
Los de Movistar arena RECIÃN se acordaron de poner un apartado para poder crear la cuenta mientras esperabas en la fila y no estar creandola cuando estÃ¡s comprando DESASTRE,sad
Cada media hora abro los diarios ..esperanzado en ver la noticia que el demente se fue......  Nada...,joyful
"A veces quisiera ser Linguo, un robot juerguista.",joyful
Â¡Denuncian acciones violentas y mentiras por parte de impulsores de la revocatoria en la ciudad de El Alto! Es preocupante ver cÃ³mo se intenta desinformar y recurrir a la violencia en lugar de buscar un diÃ¡logo constructivo. #DeÃltimo #Contraparte @MRARANIBAR,joyful
"SÃ­, The Holdovers es muy buena, pero las fibras que toca Alexander Payne en The Descendants, con un Clooney magistral y desamparado, son tantÃ­simo mÃ¡s profundas.",sad
"Mientras Claudio Spiniak estÃ¡ libre, con otro nombre, otra identidad; eso es Chile, un paÃ­s donde el burguÃ©s hace lo q quiere, puede sodomizar, defraudar y todo lo imaginable, en total impunidad.  Un paÃ­s absolutamente adormecido por la mala educaciÃ³n y el exceso de ideologÃ­a.",sad
m duele pensar q t podes poner indiferente y arruinar mi poca felicidad,joyful
"Si Sura se va, solo perdemos nosotros. Ellos ya tienen todo asegurado.",joyful
Entusiasta de la IA (IluminaciÃ³n de los Atardeceres).,joyful
Esconde tres buenos deseos entre la ciudad; silba despreocupado de regreso a casa.,joyful
A ver aunque sea un baile como se llame no chantarle un pico como dice Cris algun dia podria darle a la cara Brenda y explicarle que no estan saliendo o lo que sea una lastima por Cristian ah brenda es bastante sensibles y es muy triste que esten separado los dos ð,sad
"""Un padre y una madre unidos en matrimonio, tomados de la mano y paseando con sus hijos en brazos, van a ser el gesto mÃ¡s revolucionario e intrÃ©pido en este decadente siglo"".  âG. K. Chesterton",joyful
q atrevido Ã±engo,joyful
"Tan lleno de amor, tan espontÃ¡neo pero sobre todo lindo",joyful
Laa mejores roscas son las roscas rellenas de la pastelerÃ­a Suiza en la Condechi. Ustedes que son pobres se pelean por las del COSTCO,sad
"Mi osamenta estÃ¡ inquieta, desea desmoronarse y no sentir los sentires del cuerpo amodorrado...la mente bendita mente que no la deja descansar...vaya que lo necesita, mente ven a los brazos tibios de la sÃ¡bana blanca que te arrullara... Insomnio escuchemos a  Tchaikovsky ðª½ðµðð´",sad
"ðµð¶ðµð¶ ""Al mundo entero quiero dar un mensaje de paz (menos a Palestina) Y todos juntos celebrar que volvemos a empezar (mÃ¡s de 10.000 niÃ±os asesinados) Tan chispeante es la razÃ³n que te hace deslumbrar (????) Que es el momento de sentir la dulce libertad"" #FreePalestine",joyful
tan i dependiente i lono solitarioððð,sad
"Merida tierra de AnarquÃ­a los ""moteros"" de nuevo haciendo de las suyas en el Municipio Libertador... Otro aÃ±o mÃ¡s el merideÃ±o es marginado y pisados sus derechos por estos ""turistas"" que vienen a molestar corriendo por las avenidas sin control y sin supervisiÃ³n,",sad
"hoy descubrÃ­ luego de varios aÃ±os que Diego Acosta, mÃ¡s conocido como Aristo, se rÃ­e igual que Ã©l intrÃ©pido Beder y no puedo sacÃ¡rmelo de la cabeza",joyful
Como me enferma que esta mujer horrible grite,joyful
"pero weon la cruz verde no tiene stock online de nada, todo agotado que chucha",sad
me acabo de dar cuenta que estuve tan ocupado o de verdad muy aislado de todo para que solo haya subido una foto a insta en todo el aÃ±o 2023 ð,sad
"quÃ© estÃºpido, se puso a llorar",sad
que mierdÃ­sima que a las 6pm ya este obscuro ð­,sad
escuchando dancingqueen me dan ganas de cumplir 17 y no pegarme un tir0,joyful
el loco bromista se esta apagando poco a poco...,joyful
Q calor,joyful
PorquÃ© sigo esperanzado en el amor cunado se que no es lo mio,joyful
Eh wey las direccionales no gastan gasolina!!!!,joyful
"La noche estaba apacible y fresca, pero ya asomÃ² la lluvia ð§ð§, ayer lloviÃ² y cayÃ² 28 ml. de agua lluvia. Como dicen los espaÃ±oles joder joder ð¤£ð¤£",sad
"MaÃ±ana terminare el zelda(no al 100%) la verdad,el juego me encantÃ³,hace mucho que no disfrutaba de un juego en solitario,me gustarÃ­a tenerlo al 100 pero no,pronto empiezan mis clases ademÃ¡s que son muchas cosas que no pienso hacer,ahora me siento vacÃ­o,pensando y escuchando toda",sad
@guajirabikechallenge hola,sad
aca hablando cn el hermano perdido de ke personaje,sad
Ando buscando lo que no se me ha perdido,sad
"Â¿CÃ³mo va su 2024? El mÃ­o como enredado, pero algo se hace.",sad
no puedo hablarte sin mandarte 7 mensajes  hablando asÃ­ por separado,sad
Soy un soÃ±ador y por nada me detengo,sad
"Volvi, solo para quejarme de mi aire pq devuelta se esta haciendo el atrevido",joyful
"el panorama es totalmente desorientador, una tristeza la verdad",sad
Me siento bien pendejo,sad
Que la hermana de @Ansopas117 me haya aceptado en twitter me parece maravilloso,joyful
"â  â                 â     nuevamente     ,     anhelo      casarme      algÃºn      dÃ­a        con      ese        ð®ð¹ð´ðð¶ð²ð»      especial       ...     â  murmura      ,       juntando      ambas      manos      en      esperanzado       desear.  #ðððððððð â  â ",joyful
Nunca me haz desamparadoðð½,sad
"Estoy cansado, soÃ±oliento, Â¿me dejas recostarme en tus tetas?",sad
Q divertido el fÃºtbol de mi pueblo puros cuentasos nomÃ¡s,joyful
Contigo Todos los dÃ­as parecen festivo ðð¤,joyful
Hasta si soy un perro salchicha soy dormilÃ³n,sad
Yo me pregunto cual sera mi primera travesura de este 2024ð¤­ðð¤ª,joyful
"Que sÃ© lo que significa estar al otro lado de la lÃ­nea, solo, desamparado, con un hueco en el alma.",sad
Estoy bien,joyful
atake d chochoneria y feliz espontaneo,joyful
"AdiÃ³s cabello rubio, hola castaÃ±o obscuro (Halaguenme)",sad
"que manera de chuparle el pico al weon fome y somnoliento de felipe avello, los culiaos",sad
Debes amar sin miedo a ser traicionado,joyful
Lo q significa mi signoâ  Lealâ¤ï¸âð©¹ Increibleð«¶ð» Bromistað¤ª Realâ¨ Activoâð½,joyful
"Mucha paz en mi vida. Aunque llegar a este punto no fue nada fÃ¡cil, pero lograrlo es lo mÃ¡s satisfactorio. Ando como muy optimista, sin darle importancia a cosas que antes me rompÃ­an la cabeza. Ay no, ya soy otra.",joyful
"ExtraÃ±o cuando los roles se llenaban de KHR en mi momento mÃ¡s jovial, djxghdhs.",joyful
"De 88millones bajÃ³ a 14 de un dÃ­a para otro, tantos nÃºmeros lo tienen enredado ð",sad
"Me cuesta tanto actualizarme cuando despierto despuÃ©s de dormir, demasiado desorientado",sad
": âÂ¿Eres novia de mi hijo? âNo seÃ±ora, sÃ³lo lo traigo bien pendejo pero ni me interesa.",sad
es bromista.,joyful
"Un pensamiento bonito que tengo con quien me gusta es:  Pensar que estoy soÃ±oliento, y estar entre sus brazos o arrecostado en su pecho. Significando total confianza y tranquilidad de que esa persona brinda una seguridad a mÃ­.",sad
"Que flojera da buscar pareja a esta edad, ya todxs tuvieron experiencias horrendas que nos traumaron",sad
"Te pongo un tirito? Va, que estoy un poco amodorrado despuÃ©s de la comida No me has entendido",sad
"Mi hermana una vez me jurÃ³, que a las niÃ±as les gusta mÃ¡s, el mÃ¡s risueÃ±o y no el mÃ¡s guapetÃ³n.",joyful
Estoy cansado jefe. @danteauthor,sad
Hice una mi travesura y ya ando viendo la cagada que fue JAJAJAJA EN FIN.,joyful
"Me dormÃ­ con lam, puse escape perfecto y me acabo de despertar hasta gh terminÃ³ y todo en el sillÃ³n, despÃ­danse de mi cuello que nos ha abandonado",sad
"se sigue sintiendo igual, pero al menos mis amigos hicieron el dÃ­a sÃºper divertido",joyful
"Cuando el alma recuerda sus vÃ­nculos, el miedo se transforma en osadÃ­a, y el corazÃ³n se apodera de lo que le pertenece.",joyful
"Que es Estar tristes o enojado? Sentir remordimiento o estar frustrado ? Quiza ninguna sea la respuesta estoy desenfocado, a lo mejor estoy desconcertado? Nada mejor me quedo callado...",sad
Estar leyendo sobre la guerra civil espaÃ±ola no es muy esperanzador viviendo en la realidad argentina.,joyful
"""De manera apacible, se puede sacudir el mundo"" MG",sad
"""Lo que mÃ¡s odia el rebaÃ±o es aquel que piensa de modo distinto; no es tanto la opiniÃ³n en sÃ­, sino la osadÃ­a de querer pensar por si mismo, algo que ellos no saben hacer"". Arthur Schopenhauer",joyful
"Mi Ãºnico gusto culposo son las romcoms y pelÃ­culas de comedia de los 2000's, porque a veces el humor es muy estÃºpido y cuestionable",sad
"""La arena del desierto es para el viajero fatigado lo mismo que la conversaciÃ³n incesante para el amante del silencio."" - Proverbio persa  Buenos dÃ­as, buena gente",sad
"Mi columna de maÃ±ana en La RepÃºblica se llama ""Un presidente desorientado"". La primera del 2024. MaÃ±ana nos leemos.",sad
Quiero renunciar solo para tener mi liquidaciÃ³n xd quiero irme de viaje amigos,sad
"â Para desgracia de Sagitario, estaba tan adormilado todavÃ­a que solo fue capaz de intuir lo que habÃ­a hecho. AlzÃ³ una mano, sonriendo de lado. â Estoy de acuerdo contigo. Alegra la vista verte, Xing.",sad
ando viendo la sandia chispeante y ando como tonta pegada ahi qyu,joyful
"Una vacuna contra el #doxing es ser un tanto desvergonzado, pero que no se les pase la mano, recuerden que solo es un nivel de desvergÃ¼enza suficiente para no sufrir un desbalance emocional severo ante la amenaza de cualquier pendejx que se cree la virtud en dos patas.",joyful
"El otro dÃ­a en el parque de atracciones Patricio me chocÃ³ el hombro y saliÃ³ corriendo en plan travesura. Lo que no sabe, es que tengo monitorizadas las veces que va a cagar en su jornada laboral (excesivas, eludiendo asÃ­ sus reponsabilidades con los niÃ±os) Patricio voy a por ti.",joyful
Osado que hice con mi crushð­ð¤£ð¤£,joyful
Ayuda llevo 3horas jugando al solitario no puedo parar,sad
Menos mal que maÃ±ana es dÃ­a festivo martita,joyful
"Te quise a mi lado no con el otro bando , me tienes aislado como un vagabundo",sad
???: y cuando empezaste a ser frÃ­a xq yo no te conocÃ­a asÃ­ yo te veÃ­a sonriente bromista y un poco depre pero ahora estÃ¡s peor Anico: pues... td lo que aparentaba no era mi real yo Y los q me amaba de vrd se tuvieron q ir +(pets),joyful
"El desvergonzado duque de Odebrecht dejÃ³ caer la sede de los llamados Juegos Panamericanos en Curramba y sale a decir que es una vergÃ¼enza que Petro haya dejado perder la sede de dichos juegos, habrase visto Â¿semejante muÃ±eco de icopor atacando al presidente Petro?",joyful
Ya me habÃ­a animado a organizar algo por mi cumpleaÃ±os y ya me acordÃ© por quÃ© no querÃ­a hacer nada.,joyful
"> Art. 144 Las Cortes Generales, mediante ley orgÃ¡nica, podrÃ¡n, por motivos de interÃ©s nacional: c) Sustituir la iniciativa de las Corporaciones locales a que se refiere el apartado 2 del artÃ­culo 143.",sad
"Ahora fuera de joda y ya que le interesa a todo el mundo, muy contento y esperanzado con las palabras de Don Diego HernÃ¡n GonzÃ¡lez, digo MartÃ­nezâ¦ perdÃ³n la herida sigue abierta",joyful
"Le quise sacar a Apolo una foto con papa Noel Y SE DURMIÃ, hoy le quise sacar una foto con los reyes magos Y TAMBIÃN SE DURMIÃ. Cuando sea mÃ¡s grande y me pregunte porque no tiene esos recuerdos le voy a decir que porque era un dormilÃ³n.",sad
"ya me voy por que noi me dejaron cargar la computadora estoy incomunicado y no puedo decir que me hacen..., y insiten que estsoy endrogado... que me seguiran cuando me vaya ... la policia terrorista es solo con miedo paso... y no me dejan de amenazar que me arrestaran...facismo",sad
Cuando vean a alguien enredado o complicandose. No lo regaÃ±en o lo presionen.  EnseÃ±enle a como manejar la situaciÃ³n y como resolverlo manteniendo la calma.  Recuerda... En algun momento tu estuviste la misma situaciÃ³n.,sad
"Puede parecer osado poder criticar a un manager de la talla de Buddy Bailey, pero, preferir enfrentar a Rangel Ravelo que a Hernan PÃ©rezâ¦I do not think.  ð",joyful
"Llega un momento en el que uno siente que no es  su propio camino el que esta haciendo, sino el camino de las expectativas de los demÃ¡s ... Despertar de ese mood es desorientador, doloroso pero tan necesario. La pregunta siguiente es : Â¿QuÃ© quiero hacer de mi destino?",sad
"En tiempos de incertidumbre polÃ­tica, es crucial mantener un diÃ¡logo respetuoso y constructivo. Recordemos que la diversidad de opiniones es parte fundamental de una sociedad democrÃ¡tica. Busquemos entendimiento y soluciones que beneficien a todos. ""MAAS"". @PRDesPanama",joyful
"Antes cuando mis papÃ¡s discutÃ­an buscaban tener cuidado y apartado de mi hermano y de mi, pero con los aÃ±os no se si piensen que ya porque crecimos ya no deben cuidar esas cosas.  Hoy discutieron de nuevo y me siento raro, tuve el valor de salir de mi casa. Solo huir de eso:)",sad
"Matt estaba sentado en su escritorio, soÃ±oliento y encorvado. Se espabilÃ³ un poco cuando Neil cerrÃ³ la puerta tras de sÃ­ y este vio la preocupaciÃ³n en su rostro, iluminado por el monitor del ordenador.  El hecho de que matt se habÃ­a quedado despierto a esperarlo ð­ð­",sad
Ya estoy cansado con todo.,sad
Me frustra tener que hacer el proceso de elecciÃ³n de paleta de color para algÃºn logotipo.  Creo que soy pÃ©sima para los colores.   Por eso me la vivo vistiendo puro color obscuro.   Bi bala ovskuridat.,sad
"El ex Gobernador Alejandro Garcia Padilla, para atacar a la Alianza, habla de ""traiciÃ³n a Albizu"" Demostrando su ignorancia sobre PIP Nacionalism etc !QuÃ© vergÃ¼enza haber votado por este oportunista desvergonzado pero, peor aun, tonto! ð¤¢ð¤¦ââï¸",joyful
creo que esta noche toca ver por fin las ventajas de ser un marginado (espero que no me deje igual que cuando me acabÃ© el libro),sad
Definitivamente es que estar tanto tiempo soltero e intentar hablar con alguien es muy complicado,sad
Ser constructivo significa construir. Y a veces hay que destruir antes. Eso pasa cuando fallan los cimientos. Nunca es trade para una reconstrucciÃ³n.,joyful
Que dÃ­a horrible estoy muy cansado,sad
"CÃ³mo me cae gordo el Akihiko, nomÃ¡s me puse a ver Given The Movie para hacer corajes con ese cara de pedo, viejo naco y estÃºpido, come cuando hay, nada queveriento. Nunca querrÃ¡ como se debe a Haruki, y lo saben perfectamente.",sad
He desarrollado un miedo muy fuerte a los autos sin placa con vidrios negros ð,joyful
-Estiramientos dragontinos. Se siente un poco adormecido aÃºn-,sad
"En definitiva, el polÃ­tico en un espÃ©cimen asÃ©ptico y capcioso, que posee la extraordinaria habilidad y metamorfosis, de vender escrÃºpulos mÃ­ticos y luego renunciar a ellos, cuando el oportunismo lo provee de utilidad. La imperturbable ingesta de un escualo pÃºtrido.",joyful
Solo se cosecha lo que se planto.. por eso me dicen que soy un soÃ±ador,sad
Â¿Va siendo hora de un cafÃ© no? En realidad cualquier momento es bueno para un poco de cafeÃ­na en vena. Gato soÃ±oliento ð¬â,sad
Vicky: Paul sale del grupo y os unÃ­s todos joder que forma mÃ¡s directa de llamarlo marginado #OTDirecto4E,sad
"Me decidÃ­...no voy a costa...con tan poco espacio en la arena, tengo temor que si me quedo adormilado...me pisen las bo...  ð¤£",sad
El debido proceso debe ser agotado,sad
"Â¿Por quÃ© no pedÃ­ perdÃ³n? si ya me es indiferente quien se quedÃ³ con la razÃ³n. Yo te digo abiertamente que MÃ©xico duele cabrÃ³n, la Roma ya no se siente igual desde que tÃº estÃ¡s con otra gente.",joyful
soÃ±oliento o somnoliento?,sad
Peque gamers debido un caso laboral y personal no me siento animado a stremear hoy nos vemos maÃ±ana,joyful
tan i dependiente i lono solitarioððð,sad
"DÃ­a 4 de 366  Dios es un bromista y aunque parezca chiste, me lo suele confirmar seguido y lo bueno es que yo amo la comedia.",joyful
"LIDDIIIIIIIIð¥  3ï¸â£ð¼| Imparable de Alex Liddi para empatar el juego, anota GermÃ¡n y Randy ðð¼  #Venados ð¦3-3ð¤  #Charros #YoSoyVenados â¤ï¸",joyful
"La aristocracia izquierdista mexicana tiembla con la candidatura de XÃ³chitl. En tanto pase mÃ¡s tiempo y se acerque el 2 de junio, su imagen esperanzadora crecerÃ¡ imparable. La bestia se sentirÃ¡ amenazada, y su vida estarÃ¡ en riesgo. XÃ³chitl, las providencias no estÃ¡n de mÃ¡s.",joyful
A veces me despierto y siento todo lo que esta pasando en el mundo y es r te an poco esperanzadorâ¦ Pero quiero pensar que estaremos bienâ¦que todo estarÃ¡ bienâ¦,joyful
"""La soledad es peligrosa. Es muy adictiva. Se convierte en un hÃ¡bito cuando te das cuenta de lo tranquila y apacible que es. Es como si ya no quisieras tratar con las personas porque te agotan la energÃ­a."" -Jim Carrey",sad
"Gobiernos cacorros, que ningÃºn hp expresidente y su gabinete vengan a decir cÃ³mo reparar cosas -incluyo a los actuales-.",joyful
Por andar buscando lo que no se me ha perdido,sad
"Ah, ojalÃ¡ poder guardar el dÃ­a de hoy en un lugar de mi cabeza que pueda verlo siempre y volver a sentirme igual de apacible y feliz.",sad
"â No seas idiota, cualquiera que se me acerque con esas intenciones es rechazado. Ya tengo a mis dos chicos, no necesito nada mÃ¡s.  Para que se quede tranquilo. SonrÃ­e al ver las marcas y besa su frente antes de acostarse al lado  â Y no me importa, por si alguien te mira de mÃ¡s.",sad
Saltando de apoco ala pile sin agua xd sin miedo relajado,joyful
"Mi jefito es lo mejor de mi vida laboral, les deseo que tengan un jefe tan bueno,inteligente, capaz de enseÃ±ar y proactivo como el mÃ­o",joyful
"Gente, BTS tienen si o si que subir de oyentes mensuales esto para mantener el hito que siempre a tenido BTS; no por motivaciÃ³n de superar a otro fandom, asÃ­ que vayan transmitiendo los Ã¡lbumes de BTS, hagan stream lo mÃ¡s que puedan y no dejen de lado los proyectos en solitario.",sad
Pinche Tarolas lleva 2 semanas hablando de las Chivas cuando su equipo es el campeÃ³n(??????).,joyful
"""Los reciÃ©n llegados descendieron en silencio, pero en mi mente una alegre fanfarria de Valdezinador proclamÃ³ la nueva noticia. Leo habÃ­a vuelto.""  nunca me va a entrar en la cabeza como hay gente que odia a leo valdez, yo lo Ãºnico que odio de el es la relaciÃ³n con Calipso",joyful
Ãyeme pero serÃ¡ que vinieron los marcianos de Space Jam y le robaron el talento a Seryi? Abatido,sad
"MaÃ±ana terminare el zelda(no al 100%) la verdad,el juego me encantÃ³,hace mucho que no disfrutaba de un juego en solitario,me gustarÃ­a tenerlo al 100 pero no,pronto empiezan mis clases ademÃ¡s que son muchas cosas que no pienso hacer,ahora me siento vacÃ­o,pensando y escuchando toda",sad
El sexo es muy divertido pero el amor no tanto.,joyful
"cÃ³mo Leandro N tengo calle y te desarmo sin que te des cuenta, con blanca voz gruesa Barry / Allen(M), en un flash quieren volver al pasado por eso van tan rÃ¡pido, intrÃ©pido descaro cuando no se puede construir nada se constituye el daÃ±o.",joyful
"paul, tranquilo y sosegado, eso quiere decir que se ve bien con la canciÃ³n ð  #OTDirecto4E",sad
"Lee la palabra de Dios ; Cerca de la hora novena, JesÃºs clamÃ³ a gran voz, diciendo: ElÃ­, ElÃ­, Â¿lama sabactani? Esto es: Dios mÃ­o, Dios mÃ­o, Â¿por quÃ© me has desamparado?, Mateo 27:46",sad
"La rabia de malek que juliana parece un osito dormilÃ³n como yo jajaja, nunca queremos salir a ningÃºn lado, no la queremos pasar arrunchaditasss",sad
Fui a la feria con Sebastiano y fue muy cagado y divertido. ð¥°,joyful
"El  martirio de los palestinos no es una muerte miserable, sino, el mÃ¡s  valiente desafÃ­o a la bestialidad imperial y la imperturbable estrategia  de resiliencia que desespera a los ejÃ©rcitos enemigos, irritados porque  no triunfan.",joyful
"15 hits y 4 carreras. Querecuto con turnos de 2 y 3 hombres en bases. MVP de nuevo, de 4-4 y lÃ­der solitario con 17-0. AVG.000.   Henry Blanco dirigiÃ³ mÃ¡s para CCS que el mismo Alguacil. ðð¼",sad
"JAKAJAJA licha dice que manden un soltero lindo y que no sea histÃ©rico para denisse, tal cual #GranHermano",sad
Despreocupado de lo que estÃ¡ pasando yo sigo siendo el mismo,joyful
"Lo de Fachalandia porque llamarlo EspaÃ±a es muy osado, es de camisa de fuerza, he visto unos videos que son de Ã³rdago y de muy poca vergÃ¼enza, una mina de oro para cualquier humorista oigan...!!ðð",joyful
Hice un apartado a mis headcanons pq siempre se me pierden,sad
"Ahora la quinta de Olivos estÃ¡ llena de humo, no es por las fuerzas del cielo que aÃºn no se mudaron sino una parrilla entusiasta de la esquina de enfrente",joyful
"En cambio sentirse amado, es un estilo de formar a la  persona desde la familia, con valores, principios y claramente la incorporaciÃ³n de ese sentimiento de apoyo tan profundo y espontÃ¡neo llamado amor que hace que las personas finalmente amÃ©n y hagan sentir amados a los demÃ¡s",joyful
"En el PC y sus hijos FA no hay siquiera principios, solo podredumbre en sus estructuras de formaciÃ³n por fines de poder y destrucciÃ³n de institucionalidades que han sabido tapar su mal olor con cualesquier disfraz y desvergonzado acto de fantasÃ­as revolucionarias.",joyful
"Hace unos aÃ±os hice la correcciÃ³n de estilo a una tesis de doctorado de filosofÃ­aâ¦ sobre Heidegger. Grandes partes de la tesis estaban copiadas directamente de libros. Le dije al autor y me dijo que asÃ­ se hacÃ­an las tesis. La verdad me sorprendÃ­, pero veo que tenÃ­a razÃ³n.",sad
Salgo re cansado del laburo pero llegar a casa y que me esten esperando mi hermosa mujer y nuestro chanchito no tiene precio,sad
"""Lo que mÃ¡s odia el rebaÃ±o es aquel que piensa de modo distinto; no es tanto la opiniÃ³n en sÃ­, sino la osadÃ­a de querer pensar por si mismo, algo que ellos no saben hacer"". Arthur Schopenhauer.",joyful
"""En el teatro silencioso de la existencia, las lÃ¡grimas ensayan su danza mientras el telÃ³n del alma se alza en un solitario acto."" -Poeta Errante",sad
Es distinto estar solo a estar en solitario ð,sad
"Argentina estÃ¡ tan a fondo en el choreo y currerÃ­o que es muy difÃ­cil de curar a pleno. Aunque parezca que hay una oportunidad, si no querÃ©s perder tu vida esperanzado por 50 aÃ±os, la salida es y siempre serÃ¡ Ezeiza.",joyful
"De verdad, ya es cansado... ellos son los primeros en decirme ""no creas todo lo que dicen por internet""  ellos: *mandan cadenas de mensajes que si que pueden ser daÃ±inos*  yo: PERO....",sad
no es tu culpa x ser bella es la mia x ser pendejo,sad
"Cuando el hombre cayere, no quedarÃ¡ postrado,Porque JehovÃ¡ sostiene su mano. Joven fui, y he envejecido,Y no he visto justo desamparado,Ni su descendencia que mendigue pan. Salmos 37:24-25",sad
"Yo un poco me habÃ­a esperanzado con eso de que los porteÃ±os no iban a vacacionar en CÃ³rdoba, HASTA EL UPITE Biale, las rutas colapsadas. SerÃ¡n mendocinos ð¤",joyful
6 horas haciendo fila para que estÃ© AGOTADO. AVÃSAME ANTES HERMANO,sad
"âHasta que me muera.  EncogiÃ³ los hombros, despreocupado a pesar de todo. No habÃ­a planteado el dejar de fumar nunca, no. Si incluso se drogaba con pastillas, quÃ© mÃ¡s le da",joyful
Escribo tweets a lo pendejo jajaja nobody cares los typo y todo eso jaja equis somos chavas ð lit los escribo con el qlo y sÃºper distraÃ­da,sad
Che toy para un #HerniARiver a ver si se despierta el dormilon de @JorgeBrito,sad
desorientado cayendo en los brazos del primer hombre que vea,sad
Choque mÃºltiple 3 autos en costanera en brillante semÃ¡foro  direcciÃ³n chgte - conce,joyful
Pues menos mal que se han separado de la discografÃ­ca porque estaba hasta el mismÃ­simo xoxo,sad
Mi primer artÃ­culo del aÃ±o es super optimista. TodavÃ­a no lo entrego y yo creo que ya serÃ¡ hasta despuÃ©s del fin de semana que lo haga.   Pero me impacta como me sale el optimismo cuando veo las tendencias.,joyful
"Se puede ser optimista, pero no pendejo. Estos dÃ­as varias amistades, estaban seguro que este aÃ±o... SerÃ¡ el aÃ±o que se acabe el rÃ©gimen.  Lo dicen con una seguridad que parece una locura.  Espero estar equivocado con ellos, pero la realidad es otra",joyful
"Estoy fatigado, no creo ir al gym (excusa para no hacer piernas)",sad
estoy adormecido,sad
viendo reels me apareciÃ³ uno de yichan de sandÃ­a chispeante y me acordÃ© de weak hero class y ahora me quiero pegar un tiro en la mesa navideÃ±a,joyful
"Acostarte a las 4, levantarte a las 7â¦ deberÃ­a estar prohibidooooo!!!  Koala cansado, soÃ±oliento y dolorido.  Y no, no tomo cafÃ©, asÃ­ que a espabilarse naturalmente toca.",sad
Â¡No te quedes sin baterÃ­a en tu mÃ³vil! AhorrarÃ¡s tiempo y evitarÃ¡s el estrÃ©s de quedarte incomunicado. Siempre lleva un cargador portÃ¡til contigo. ðð¡ #ConsejoDelDÃ­a #TipsParaLaVida,sad
Por ciertas actitudes me doy cuenta porque sigo soltero,sad
"â  â â Â Â Â Â Â Â Â   â â ã Â¿No notas algo distinto?  ã  â Su ausencia en el dÃ­a era motivo de su nuevo percing, que em cuanto volvio a casa menciono tal travesura a @inaflashdrive.",joyful
"Es increible como la misma semana que me cambio la foto de perfil, poniendome un primer plano de mi cara, se me hace viral un tweet  Ahora to mi careto pocho rulando por las TLs de la gente hahahaha",sad
"ââA mi la verdad me ha amodorrado un poco...  Suelta un buen bostezo, viendo su almohada volar por el cuarto.",sad
Ya pegaron la vuelta de abrazarse a Scioli cuando quedÃ³ marginado de las paso y era un cuadrazo polÃ­tico y ahora volviÃ³ a ser un quebrado y facho que es mas o menos lo que de verdad pensaba el cristinismo sobre Ã©l desde circa 2011,sad
Cuando estÃ© mÃ¡s animado respondo todo.,joyful
i cuando te sientas desamparado en la vida solo necesitas hacer roleplay con tu mjor amiga para manifestar (ð¯ï¸ð¯ï¸ð¯ï¸) una charla,sad
Este mogolico dejo el telÃ©fono 2seg y ya manotea el atrevido del orto jajajaajjaja parece q no entiende,joyful
"Es bastante divertido ver los shows de #CMLL. Me gusta su estilo de lucha, no hay luchas malas y el pÃºblico grita como loco.",joyful
"Lo que pasa despuÃ©s de trabajar con un titÃ¡n, se vuelve atolondrado #nv",sad
"Entiendo lo lindo que queda hacer todo ""aesthetic"", pero lo hacen de forma tan forzada que arruina lo bueno de lo natural y espontÃ¡neo, ponganse media pila y dejen de ser tan mogolicos",joyful
Ver a Mar con el cabello alborotado en las maÃ±anas y con el rostro adormilado mientras trata de entender lo que le estoy diciendo me estÃ¡ matando de ternura.,sad
"Un anciano esta Navidad regala a niÃ±os de Tierra Santa vetos, bombas, hambre y enfermedad.  Dijo ser un hombre de bondad mas en sus hechos y sus gestos no se hallÃ³ traza de humanidad.  Circula amodorrado a su edad en sentido contrario a todo cristo dejando un rastro de calamidad.",sad
"Al chile quÃ© pendejo el crush porque sistoy muy kebonito, soy gracioso, inteligente, leal, agradable, noble y un larguÃ­simo etc.  Ahora me tendrÃ© que dedicar a la puterÃ­a pa sacarmelo del kokoro",sad
"Que pasa cheeeee como andan, yo aquÃ­ sin poder rankear por que no arreglan los put0s servers de r6 de mrd",joyful
"Llevo un aÃ±o de paranoias que cansado, Â¿cÃ³mo aguantan tantos aÃ±os en el activo trabajando asÃ­!? ð«¤ con razÃ³n uno acaba bien crazy",sad
"Chama descansa, no entiendes que das flojera?",sad
"""Ni mi gisti diigi tirris, ni isti il nivil dil cintiniri, hirminis yiipin ni pisi nidi , riil rimiri is pivi, istin hiciindi in pipilin, firriri rininci"" se olvidaron que somos un club de fÃºtbol? creen que la U es su tono, su juerguista de los fines de semana chibolos cojudos!",joyful
"Al mismo tiempo que me empezabas a tratar indiferente, estabas conociÃ©ndola a ella...",joyful
A ver pero ya sincero que sientes que haya rechazado tu propuesta,sad
"PÃ¡gina 298 de 365  Mi abuelo materno naciÃ³ antes de la segunda guerra mundial y mi abuela materna naciÃ³ durante esta, pero ya cuando solo era JapÃ³n quien seguÃ­a. Mis abuelos paternos nacieron despuÃ©s.",joyful
"Capaz yo flayo no sÃ© porq hace mucho vÃ­ esos dramas pero los recuerdo con casi la misma personalidad pero poniÃ©ndome a pensar casi todos lo hacen sjsks Song Kang de atrevido, L de infinite del chico tierno",joyful
"Decir no es una habilidad valiosa que debemos aprender. A veces, decir no, nos permite enfocarnos en lo que realmente importa. #autocuidado #estabilidademocional",joyful
"decidÃ­ hablar mÃ¡s a profundidad de esto porq necesito sacarlo de mi sistema.  la maldiciÃ³n de ""desaparecer"" no se trata de que day perdiera la vista, si no COMO lo hizo sentir esa noticia. day estaba desapareciendo porque se habÃ­a aislado del mundo + #LastTwilightSeriesEP9",sad
Ya voy hacer un apartado de dinero exclusivo para armar un equipo de audio de alta fidelidad.,sad
si el pito empuja entonces pite,sad
bastante osado por mi parte el ir dando carnets de npc por ahÃ­ constantemente cuando llevo el mismo outfit todos los dÃ­as,joyful
"Aunque me genere incertidumbre el futuro, sÃ© que serÃ¡ brillante, lleno de abundancia y felicidad, asÃ­ lo declaro y asÃ­ harÃ© que pase",joyful
Yo solo quiero ir a un concierto del Travieso ð,joyful
nmmn ya no habia visto al mateo y ya es muy grande y mÃ¡s travieso ð­,joyful
Llevo mÃ¡s de 7 dÃ­as en total en la playa y aÃºn no me he atrevido meterme al Mar ðð,joyful
Olvidarte nene se volviÃ³ una osadÃ­a,joyful
DIOS QUE VERGÃENZA ME DOY TODO RL VÃDEO ESTOY SORRIENDL COMO ESTÃPIDO AL BORDE DE LSS LÃGRIMAS,sad
"Gracias Dios, gracias universo, gracias vidað¤ðð   Â¡Aguanta, corazÃ³n!, que ya en otra ocasiÃ³n tuviste que soportar algo mÃ¡s desvergonzadoâ¦ tÃº lo soportaste hasta que, cuandÃ³ creÃ­as morir, la astucia te sacÃ³ de la cueva.  #LaOdisea",joyful
con algunas personas perdemos el tiempo con otras perdemos la nocion del tiempo y con otras recuperamos el tiempo perdido  #BambaÅkaBiri,sad
"SegÃºn yo iba a empezar el gym el lunes y resulta que es festivo, nombe no, asÃ­ no se puede.ð« ð¤£",joyful
Hoy pase un dÃ­a tan alegre y me siento muy agradecida y lo terminÃ© con una bonita noticia.,joyful
Gutz salvando a un desamparado que perdiÃ³ su vape,sad
"Me caga q se tarde en contestar, pero sabe q aquÃ­ esta su pendejo",sad
"Leyendo las tantas locuras sesgadas por el fanatismo dÃ³nde se le echa la culpa a Henry Blanco por haber perdido el juego de hoy dÃ³nde por lo general Lara da 14 hit y no diÃ³ el batazo oportuno, y de igual manera el tiro malo del Short a primera son hechas por jugador, no por el MG",sad
Que vienen los reyes!!!! â¨ð¤­ðð,joyful
Miguel Rojas (SS) conecta imparable al RF; Escobar avanza a 3B  Al Bate; Lorenzo Cedrola (LF)  Corredores en 3B y 1B  #BRV 4â£ â 7â£ #TIB | 8â£vo Inning â¬ï¸ | 0â£ Outs  #SomosBravos #LVBP #SomosMargarita,joyful
"Costco ya es para puro naco y estÃºpido, la verdad.",sad
quiero ir a ver a mi travieso Scott,joyful
"Todo muy gracioso: estaba esperando al micro en la terminal de moronga 12 de la noche. Aparece mi ex, me hace mÃ¡s amena la espera, buena charla. Viene primero mi micro y adiÃ³s, que lastima pero adiÃ³s. Muy Floricienta todo, amo.",joyful
"SegÃºn yo, no estaba tan agotado hoy.. pero dormi como una piedra... espero q hoy el trabajo sea mÃ¡s chill.",sad
"""Lo que mÃ¡s odia el rebaÃ±o es aquel que piensa de modo distinto; no es tanto la opiniÃ³n en sÃ­, sino la osadÃ­a de querer pensar por si mismo, algo que ellos no saben hacer"" Arthur Schopenhauer",joyful
"Para remate, el dÃ­a habÃ­a amanecido amodorrado, cargado de espesas nubes que parecÃ­an burros de carga.",sad
Que Eliane y Erin estÃ©n tristes no es un caso aislado para mi.,sad
lo amodorrado que estoy hoy,sad
siento que la premisa de Undead Unluck estÃ¡ bien y es bastante gracioso pero los enemigos son bastante zzz,joyful
Una de las ventajas de vivir al lado del Seguro Social es que cada que pasas por esa banqueta hay alguien vomitando en ella.  Si sales adormilado en ese preciso momento te abitachas.  Es eso o pisar algo asqueroso.,sad
Entre mÃ¡s desorientado mejor la siesta,sad
ð¨ Ultima ronda (vale doble): personaje de un dibujo animado sobre demonios que termina por convertirse en el corazÃ³n de su amo,joyful
"Es una dÃ­a fantastico hoy, todo fluye constante y apacible.",sad
No se ha terminado la primer semana del aÃ±o y @petrogustavo ya lleva un mega escÃ¡ndalo. Por trabajo no se preocupen seÃ±ores periodistas que este atolondrado es una mÃ¡quina para generar escÃ¡ndalos.   @NestorMoralesC @VickyDavilaH @darcyquinnr @gusgomez1701,sad
"con megu nos burlamos de nuestros traumas, que divertido",joyful
tengo muchas ganas de ver el final de skins pero tengo medio sueÃ±o estos dÃ­as entonces no la quiero ver adormilado:(,sad
el licha se hace el desconcertado y re que nico le habia susurrado a el kjjjjj,sad
Imaginate estar de vacaciones con tus niÃ±os bajo una nevada y que la compaÃ±Ã­a @LibertyPR te deje totalmente incomunicado. No internet. No GPS. Nada. Eso es lo que estÃ¡n viviendo en este momento mi familia. Dos llamadas al servicio al cliente y nada. Horrible.,sad
Dios que cansado estoy de verdad,sad
"""Yo tenÃ­a una capa protectora para que nadie pudiera acercarse mucho ni quedarse, porque bajo esa apariencia de imperturbable habitaban temores y dudas que no permitÃ­an que nadie me conociera demasiado. Excepto Ã©l, lo dejÃ© entrar aquel dÃ­a y aÃºn no sÃ© por quÃ©"" - Andrea Longarela",joyful
nmmn ya no habia visto al mateo y ya es muy grande y mÃ¡s travieso ð­,joyful
"Compra barato en un lugar caro, pero nunca compres caro, en un lugar barato.ð",joyful
#QUACKITYPLEASE quiero la hamburguesa porque soy un pobre desamparado y no tengo que comer ð¥ºð¥ºð¥º,sad
ojalÃ¡ fuera mÃ¡s valiente,joyful
LleguÃ© en Cartagena de Indias por trabajo de nuevo y sentÃ­ un cambio. Hay una autoridad trabajando y siento gente al menos optimista con un gobierno de la Ciudad con ganas de orden y obras.,joyful
"vean el cielo y encuentren la estrella mÃ¡s brillante, estÃ¡ wouu â¨",joyful
Justo lo que necesitaba gracias x hacerme sentir rechazado,sad
"A ver, si tan valiente te reto a etiquetar a la chica mÃ¡s hermosa en este mundo que conozcas",joyful
No recordaba a Bragi tan....tan...osado.   Wow.,joyful
En un cielo tan oscuro sos vos esa estrella brillante,joyful
Yo si me enamorarÃ­a de alguien tan desvergonzado y cargoso como dynamite,joyful
"#Viernes  La Luna entra en Escorpio. Utiliza la energÃ­a transformadora de la Luna de Escorpio para abrazar la introspecciÃ³n, purgar la negatividad, sumergirte en el trabajo interior, practicar la empatÃ­a. Las emociones pueden intensificarse. Se proactivo, no reactivo.",joyful
Mejor me fue cuando cultive una mente imperturbable frente a las adversidades.,joyful
"Titular: ""Suprema Corte designarÃ¡ juez para investigaciones de diputados vinculados a lavado de activos""... Pregunta: no sale mÃ¡s barato comprar una lavadora en seco y usar detergente proactivo?",joyful
"""He aprendido que el valor no es la ausencia de miedo, sino el triunfo sobre Ã©l. El hombre valiente no es el que no siente miedo, sino el que lo domina"". Nelson Mandela.  #UnidosTodosX #DeZurdaTeam",joyful
Despertarse en la noche es lo mÃ¡s desorientador de la vida jajajajajj creÃ­ que eran las 5am ð­,sad
"""Lo que mÃ¡s odia el rebaÃ±o es aquel que piensa de modo distinto; no es tanto la opiniÃ³n en sÃ­, sino la osadÃ­a de querer pensar por si mismo, algo que ellos no saben hacer"". Arthur Schopenhauer",joyful
No encontraba una pelÃ­cula subtitulada hasta que me acordÃ© que puedo descargar por separado la pelÃ­cula en inglÃ©s y los subtÃ­tulos en espaÃ±ol,sad
#BuenasNoticias Â¡Termina huelga en el @CdeBachilleres ! Gracias al diÃ¡logo constructivo del @sintcb y de las autoridades educativas hoy se firma en el #CentroFederalLaboral el Convenio del incremento salarial del 4% en beneficio de casi 4 mil acadÃ©micos y administrativos.,joyful
Les deseo lo mejor a los dos por separado que sean muy felices con quienes QUIERAN ð me voy,sad
Dios mÃ­o llÃ¡menme corroncho pero la mÃºsica de Binomio de Oro es de lo mejor del mundo quiero poner osito dormilÃ³n de alarma y si tu amor no vuelve de ringtone.,sad
"me acaba de salir una chica en tiktok q hace un aÃ±o descubrio q su ex le ponia los cuernos porque encontro un pelo rubio de la ex en el asiento del coche. Acaba de contar q el chaval le ha comprado un McLaren y un anillo de compromiso y ha rechazado ambos, mi vida es to mediocre",sad
Mi presidente petro y mi presidente Eduardo MÃ©ndez  me tienen muy feliz y optimista este 2024 @SantaFe @petrogustavo ð¦ð¹ð¨ð´,joyful
AprendÃ­ a afeitarme con navaja y realmente es lo mÃ¡s divertido del mundo...,joyful
"Oficialmente maÃ±ana se estrena el primer capÃ­tulo animado de el arco de egged, de los mejores arcos que va hasta ahora ð¤ ",joyful
"ALGUNOS NOMBRES PUBLICADOS DE LA LISTA EPSTEIN.  1) Bill Clinton 2) PrÃ­ncipe Andrew 3) Marcelo Tinelli 4) Stephen hawking  5) Momo Benavides 6) ExpeFutbol 7) Carlos MaslatÃ³n 8) GermÃ¡n ""El intrÃ©pido"" Beder 9) Gianlu Godard 10) Jero Cabrera",joyful
"""El camino de la renuncia, quÃ© es el mÃ¡s arduo pero el mÃ¡s esperanzador"".",joyful
"El diavlo, archive casi tds mis contactos de WhatsApp, eliminÃ© a casi todos de ig, silencie messenger, incomunicado quedÃ© ð",sad
"Hace como 3 meses que vengo recibiendo un arrebato atrÃ¡s de otro, cambiÃ³ el aÃ±o pero sigue siendo la misma mierda. Esperanzador mi 2024 kjjj",joyful
Diosito sabe que si no tuviera miopÃ­a serÃ­a imparable en bolirana,joyful
"Restriega su ojo derecho mientras con la zurda peinaba su cabello, aÃºn adormilado.   ââââ Buenos dÃ­as.",sad
"Existe en mi joven y jovial mente un poco de fe que Guatemala es el primero de muchos paÃ­ses que generan un cambio pro democrÃ¡tico; una nueva fuerza que contrarresta los casos como Bukele, Duterte, Modi, orban, bolsonairo, Xi, Putin, Trump.",joyful
"Preguntarme ""Â¿Por quÃ© no?"" ante cualquier duda que tenga me ha motivado bastante a muchas cosas",joyful
Ayuda llevo 3horas jugando al solitario no puedo parar,sad
"Â¿CuÃ¡l es la gracia de actuar como novias tÃ³xicas celosas enfermizas? No es gracioso, no es edgy, da pena ajena ð­",joyful
"Toy muy sobrepasada del trabajo y se vienen 3 meses muy difÃ­ciles, aaaaaa, vamos a afrontarlos de la mejor manera posible. El lado positivo es que creo que voy a aprender muchas cosas, el negativo que voy a terminar agotadÃ­sima.",joyful
Yo querÃ­a heredar los âOjos verdesâ de mis hermanos no lo âOjo alegreâð­,joyful
"Estaba renegando porque la nena tiene asqueroso el pelo de enredado y todavÃ­a con las trenzas y mi hermano dice ""y bueno a vos te gusta dejarla una semana"". Sin comentarios la verdad",sad
cuando he quedado con mi amiga y le he dicho que votara otra vez a paul y me ha dicho âpero quieres que le vote porque esta marginado? esq me ha salido un tiktok diciendo esoâ HE ESTALLADO,sad
Que viva la coma y el acento!,joyful
"la diosa indica que el objetivo es conocerlo todo, tanto el corazÃ³n imperturbable de la verdad bien redonda como las opiniones de los inmortales que no cabe creencia verdadera",joyful
lo marginado socialmente que me siento por no estar siguiendo este gh,sad
"Putas madres, ya van varios mjes x  @WhatsApp o @telegram  para invitarme a obtener $$$ extra dando like's a publicaciones. Â¿Saben que? Hay 30M de pendejos que creen en @lopezobrador_ vayan y chinguenlos a ellos, YO si me baÃ±o si estudie y no estoy atolondrado ni atolizado",sad
"@2011rafaelhomez URGENTE detenido capitÃ¡n retirado Anyelo Julio Heredia Gervasio entre CÃºcuta y San Antonio del Tachira,!oficial estÃ¡ bajo custodia de la DGCIM. Detienen al TCnel GNB JosÃ© Rafael Gallardo Pacheco preso e incomunicado en la sede Boleita del DGCIM. RAZZIA?",sad
"Yo me muero de amor por mis amigas, ustedes no saben lo feliz que me hace verlas felices, me llena el corazÃ³n â¤ï¸âð©¹",joyful
Despreocupado porque nadie se a visto que me diga las cosas en la cara,joyful
"Gente, BTS tienen si o si que subir de oyentes mensuales esto para mantener el hito que siempre a tenido BTS; no por motivaciÃ³n de superar a otro fandom, asÃ­ que vayan transmitiendo los Ã¡lbumes de BTS, hagan stream lo mÃ¡s que puedan y no dejen de lado los proyectos en solitario.",sad
"Nadie va a poner a Alianza por debajo o postergado . AsÃ­ con la pija al aire , simple",joyful
Todos juntos por un cambio positivo.  #UnidosTodosX #DeZurdaTeam,joyful
Me encanta cuando F hace una travesura y le pido una explicaciÃ³n al respecto y literalmente me da una explicaciÃ³n cientÃ­fica ðð,joyful
"vine acÃ¡ para relajar de tanta presiÃ³n y dejÃ© de estudiar por tener un tema que discutir al dÃ­a siguiente para leer por pura curiosidad nomÃ¡s, maldito terapista entusiasta mira lo que haces",joyful
Por otro aÃ±o siendo un naco y estupido ðð»,sad
"Por favor lo que me estresa la gente que arroba al bot que saca capturas. Lo peor es que lo ves cada vez mÃ¡s seguido y no entiendo cÃ³mo se puede ser tan inÃºtil en la vida, son dos botones.   No los quiero ver poniendo âProactivoâ, âAprendo rÃ¡pidoâ en el CV despuÃ©s.",joyful
"El chino bobo estÃ¡ desconcertado, su cara fue cine ð¬ð¬ #granhermano #gh23",sad
Uggggggh la urgencia de algo espontÃ¡neo me mata,joyful
"El ""perdÃ³n por haberte abandonado"" de mi mamÃ¡, sanÃ³ a mi yo de 16 aÃ±os ð¤",sad
"Pensamiento de izquierda:  No puede ser que mis malas decisiones, mi flojera y mi mediocridad hagan que no tenga plata. Eso no puede ser. Yo jamÃ¡s puedo estar equivocado  El mundo es el que estÃ¡ en contra mÃ­a, es ese capitalismo el que me explota. Hay que cambiar el mundo (yo no)",sad
"Me he hecho tan dormilÃ³n estos dÃ­as, el problema que serÃ¡ despertarme para irme a trabajar.",sad
Los reyes magos no me quieren traer el jaifon 15ð­,joyful
"lo Ãºnico bueno del viernes de mierda este es que se van suarez,zuculini y que renovÃ³ ruberto",joyful
Me parece mÃ¡s divertido ver a las furiosas cocinar que a los boludos bailando #granhermano,joyful
"Un momento atolondrado.. nerviosos .. con expectativas y verguenza de halagar, por si esta acostumbrado a algo mejor .. verguenza de no saber.. de quedar en falta ..",sad
"Cada dia que pasa mas qsco me d ala gente, voy a terminar siendo un marginado que vive encerrado en su casa y no tiene amigos, igual que ahora pero peor",sad
JC me enseÃ±o a hacer champiÃ±ones en la parrilla Y YA SOY IMPARABLE,joyful
"Que cinta mÃ¡s dura, cruda y a la vez bella es #LaSociedadDeLaNieve. PeliculÃ³n fotogrÃ¡ficamente impecable, y devastador y esperanzador a partes iguales, que me tuvo al borde de las lÃ¡grimas durante toda la Ãºltima media hora.",joyful
Una triste pÃ©rdida para la comunidad del deporte de MÃ©xico. Un gran entusiasta del bÃ©isbol boxeo y muchos mÃ¡s y Premio Nacional del Deporte. Descanse en paz Carlos Bremer y que su familia logre pronta resignaciÃ³n con la compaÃ±Ã­a De Dios en estos difÃ­ciles momentos,joyful
"Por primera vez, indagaciones rondan dentro de la psique del azabache. Una imperiosa sensaciÃ³n lo instiga a desplazarse el dorso de la extremidad contra las hileras rebeldes de su prolongada cabellera, cual crÃ­o inquieto. En medio del apacible monÃ³logo del cobrizo, la Â».",sad
"Como vÃ­ en tiktok que hay que ocuparse en vez de preocuparse pero no encuentro un cardiÃ³logo que me dÃ© bola, hice lo mÃ¡s proactivo que un ser humano que se va a operar puede hacer: comprÃ© media docena de bombachas",joyful
No estoy borracho pero si estoy bien adormecido jajaja,sad
"Nah mks, necesito un tremendo abrazo. Estoy que me caigo por saudade.",joyful
"Como me vas a poner mi cumpleaÃ±os un viernes y con festivo, ah?ð",joyful
Y yo que llevaba el telÃ©fono para no estar incomunicado ð©ð©,sad
"A los que critican a Rubiales por machista, juerguista, mujeriego y demÃ¡s les recuerdo que el estÃ¡ hay por el PSOE. Su padre milita en el PSOE. Y puede que sepa muchas cosas del PSOE.",joyful
"Pese a todo a mÃ­ me parece constructivo que tengan esas crisis de identidad como artistas, cada cual por algo distinto. La industria y sobre todo ellxs mismxs se conocen mÃ¡s y cuando salgan les van a dar las herramientas que necesita cada unx de forma personalizada.  #OTDirecto5E",joyful
"mi alma estÃ¡ alegre, mi corazÃ³n estÃ¡ contento y mi cuerpo cubierto, no siente el frÃ­o. Me mantiene calentita, una chispeante hoguera que me indica que el calor es bienestar, es vida. Disfruto de un rico cafecito reciÃ©n hecho que, mientras lo tomo, alborota mis ideas y hace que mi",joyful
"Aiga sido, como haiga sido, el gober quiere al seÃ±or de apellido de tienda comercial como candidato. Lo que no sÃ©, es que lo quiera  de Presidente Municipal,  pues parece que el de la ""oposiciÃ³n"" no le es  indiferente.   Â¡No tengo pruebas, pero NO TENGO DUDAS!  Â¡JA!",joyful
"Es impresionante el odio q me generan los caniches; ladran PORQUE SÃ, en cualquier situaciÃ³n, incluso donde reina una calma apacible. Son ratas sin rostro que no sirven para nada. No son perros, son un adefesio genÃ©tico creado exclusivamente para satisfacer viejas de departamento",sad
"Ese Anthony es osado oeeee quiere hacer su propia salchicha, quÃ© loco! #MCCelebrityEc",joyful
Que ganas de una miche eh,sad
JAJAJJAA cada atrevido cae a ranchar a casa,joyful
"âââ Tenue y desconcertado suspiro escapÃ³ de sus labiales  âââ.  Mi intuiciÃ³n casi nunca me falla, quizÃ¡ sea lo bueno de haber vivido tanto tiempo. á ",sad
POR AMORES COMO EL TUYO MEJOR ME QUEDÃ SOLTERO.,sad
chicos busco novio requisitos - q sea gracioso - q me quiera (no excluyente),joyful
"No sÃ© si leer a Marianita EnrÃ­quez es lo mÃ¡s festivo que una puede hacer de vacaciones, la verdad un poco me quiero corchear",joyful
Es paete del trato dixe el sistrma penal de jsitiica caoigal del pais. Y aki ests mi travesura dice el guero.,joyful
Me caga tener un novio dormilÃ³n,sad
"<<Dios ama al hombre y necesita decir esta frase apasionadamente. Nos ama y mendiga nuestro amor. Ãl, este amante rechazado, se presenta para escuchar una palabra de arrepentimiento que expÃ­e una vida de rechazos>>",sad
"Sin la siguiente estrofa, Pobre SoÃ±ador del Tri serÃ­a la canciÃ³n perfecta:  ""TÃº me haces sentir en un jugo de bÃ©isbol, me ponchas y me haces batear de jonrÃ³n""",sad
"Ahora la gente va por ahÃ­ con su discurso de âesta bien estar malâ de querer sacarle lo bueno a toda la mierda que les pasa. Â¡Por favor! Alguien que medianamente ha pasado por cosas horribles no quiere volver a eso, no quiere un mensaje esperanzador.",joyful
peter se hizo lobo solitario o que?,sad
"Un dÃ­a eres joven y al siguiente andas diciendo: ""que bonita se mira San Pedro Sula con los macuelizos floreando"".",joyful
"""Lo que mÃ¡s odia el rebaÃ±o es aquel que piensa de modo distinto; no es tanto la opiniÃ³n en sÃ­, sino la osadÃ­a de querer pensar por si mismo, algo que ellos no saben hacer"". Arthur Schopenhauer",joyful
se hacÃ­a la linda con mis lentes ð¤¨ð¤¨,joyful
Que costara poner metro toda la Noche cada 30 mins un Viernes Noche vispera de festivo?,joyful
"LA SANDÃA CHISPEANTE EFA EL DOS, HUBIERAN METIDO MAS BOTS",joyful
"Esto pasa porque existe una generaciÃ³n q ni siquiera ESCUCHO el tÃ©rmino megacanje. Y los q si, lo Ãºnico q vieron fue como mÃ¡gicamente apareciÃ³ plata en su bolsillo y trabajo en cualquier esquina. QuÃ© intrÃ©pido este paÃ­s.",joyful
"Gente, BTS tienen si o si que subir de oyentes mensuales esto para mantener el hito que siempre a tenido BTS; no por motivaciÃ³n de superar a otro fandom, asÃ­ que vayan transmitiendo los Ã¡lbumes de BTS, hagan stream lo mÃ¡s que puedan y no dejen de lado los proyectos en solitario.",sad
"""Este aÃ±o se muere el primero del grupo"". Mi amigo mÃ¡s esperanzado con 2024.",joyful
"He escuchado a Santiago SÃ¡nchez reciÃ©n llegado de su encarcelamiento en IrÃ¡n. Sosegado, empÃ¡tico y agradecido. Y a su madre muy emocionada. La dura aventura vivida por Santiago no le aparta de su intenciÃ³n de seguir viajando por causas solidarias. Bienvenido.",sad
Que rico estuvo esta semana en Orlando,joyful
Estoy cansado jefe 2,sad
"Pinche sistema de la vergaaaa y personal que tienes @TiendaSoriana @OrgSoriana como es posible que su sistema no pueda hacer el apartado de una pinche rosca,",sad
Te lo corregimos sinkieres porke ese wey ke ewta ahi es bien perro estricto con esos  estatus de solteria viudo soltero divorcisdonanonimo y edoectador. Ke es el sistema de recoleccionnde basura del guero y donde estan los abogados busca asesinos y vanos sueltos.,sad
"Oe fantasma bastardo culiao, vo me veni a hacer algo o te llevai mi alma perro conchetumare y te saco la muela con el meo palo santo que tengo metio en la raja sacowea vo no me haci weon, te meto el incienso por el hoyo  -flop 2024(se hace valiente, ve una sombra y quema la casa)",joyful
Ayuda llevo 3horas jugando al solitario no puedo parar,sad
que sea indiferente y culera dice,joyful
Michael Jackson habrÃ­a rechazado los masajes de menores que le ofreciÃ³ Epstein.  âNo me gustan las milfâ habrÃ­a seÃ±alado.,sad
"Se levanta P cejijunto, soÃ±oliento, concentrado en distinguir realidad de sueÃ±o.  Le empiezo a vacilar: â uy este niÃ±o que serio, madre mÃ­a quÃ© seriote estÃ¡? Por que esta tan serio este chico?â. Me responde: â Porque soy un galÃ¡nâ.  Ah. Vale.",sad
"estoy : cansado, aturdido, estresado, desorientado, somnoliento, deprimido, desentendido, sonÃ¡mbula, roto, rotÃ­simo, adormecido.",sad
"En la empresa hay un chavito muy hetero que vino a dejarme hasta la esquina del depa toda la semana. Muy amable, muy risueÃ±o y muy curioso, digo yo. Pero no sÃ© si estoy capacitado para eso. Jajaja",joyful
soltero y divorciado con cinco hijos,sad
"Abro este apartado, para que dÃ­ganme ""todo lo que piensan de mi y mi contenido"" de manera general...No me importa, quiero saber su verdad tanto malo como bueno...",sad
"""En el teatro silencioso de la existencia, las lÃ¡grimas ensayan su danza mientras el telÃ³n del alma se alza en un solitario acto."" -Poeta Errante",sad
"// Mi Elvira chiquita ha salido un poco juerguista. Se pasÃ³ toda la noche en la mansiÃ³n LÃ¡pida y se fue directamente de ahÃ­ al colegio, sin pasar por casa.",joyful
Lo fatigado que tengo los brazos quizÃ¡s esos 8mil litros vinieron con delay,sad
"cumplo un dÃ­a festivo, jueputa que suerte",joyful
mira que te voy a patear deja de hacerte el loco wacho atrevido,joyful
SerÃ¡ este el fin de SebastiÃ¡n soltero? ð¤,sad
El recontracoÃ±isimo de su madre van 6 veces que se va la energÃ­a elÃ©ctrica hoy cortoelec de mierda,joyful
Me sorprende la cantidad de pornx animado que hay osea a quien le puede calentar eso????,joyful
"SÃ© de sobra que Zoro es un personaje ficticio animado, pero por quÃ© estÃ¡ tan bueno???",joyful
Me daÃ±Ã© el horario de sueÃ±o. MaÃ±ana va a ser un largo y somnoliento dÃ­a.,sad
"Te vuelves imparable cuando trabajas en cosas que la gente no puede quitarte. Cosas como tu fÃ­sico, tu mentalidad y tu vida espiritual.  #escribosinfiltro",joyful
yo? delgadita de cintura y de corazon alegre,joyful
#Estrellas Orientales blanquean 2-0 a #Tigres del Licey y el equipo de San Pedro de MacorÃ­s sigue imparable ahora con su 5to triunfo seguido en el #RoundRobinLIDOM.  Repito: Las @EOBASEBALLCLUB se ve muy superior al resto.,joyful
Es bien decepcionante cuando uno quiere ser proactivo y te detienen ð,joyful
"Â¡Buenas noches! Si sus majestades los Reyes Magos de Oriente han pasado ya por vuestras casas, y os habÃ©is animado a abrir los regalos, por favor, responded o DM ðð¥³ð",joyful
"No sÃ© si tienen una amiga especialmente guapa, que siempre tiene buena cara y que se levanta con su belleza imperturbable aunque tenga resaca. Anoche dormÃ­ en su casa. Experiencia cero recomendable. PuntuaciÃ³n negativa en TripAdvisor.",joyful
Positivo para enamoramiento ð³ð³ð³,joyful
"""La soledad es peligrosa. Es muy adictiva. Se convierte en un hÃ¡bito cuando te das cuenta de lo tranquila y apacible que es. Es como si ya no quisieras tratar con las personas porque te agotan la energÃ­a.""   -Jim Carrey",sad
"Voy a ver el drama sandÃ­a chispeante, preparÃ¡ndome mentalmente para llorar:3",joyful
1 aÃ±o mÃ¡s sin ser rey mago ðð¼,joyful
"Coincido con JuanGra, GuzmÃ¡n estuvo y estÃ¡ a la izquierda de Massa, haberlo criticado y marginado fue un error, Sergio TomÃ¡s fue mucho mÃ¡s pragmÃ¡tico con el y no consiguiÃ³ ningÃºn tipo de resultados",sad
Estoy cansado jefe. @danteauthor,sad
"llÃ¡menme osado, pero a lo que le dicen âcalidad de vidaâ, en mis libros es mÃ¡s como âcantidad de vidaâ",joyful
Que rico estuvo esta semana en Orlando,joyful
Estoy cansado jefe 2,sad
"Gente honesta, gente deshonesta. Gente corruptible, gente incorruptible. Gente con valores, gente sin valores. Gente con oportunidades, gente sin oportunidades. Gente solidaria, gente insensible. Gente politiquera, gente indiferente. ... , ???",joyful
Estoy agotado tras haber trabajado todo el fokin dÃ­a,sad
"Bueno, Reyes ha caÃ­do en sÃ¡bado, dÃ­a no laborable de todos modos, asÃ­ que ni hace puente festivo ni nada de nada. No me consta que ninguna comunidad autÃ³noma lo haya dejado para el lunes, que hubiera sido una tonterÃ­a.",joyful
"#LoveSongforIllusionEp1Â  Un chico que fue maltratado en su infancia desarrollaÂ  doble personalidad. Uno es irreverente e intrÃ©pido, el otro es amante de las artes y la costura. Una noble destronada busca venganza. Ellos""3""formarÃ¡n equipo.  Park Jihoon es garantÃ­a",joyful
Lo malo de ver la pelÃ­cula de Simbad es recordar que Sari SoÃ±ador de Mares es un libro que existe,sad
a veces quisiera cambiarme de cuenta pero me da tanta flojera y luego me desaparezco 5 aÃ±os,sad
Ando todo amodorrado y me tengo que baÃ±ar.,sad
"Esta tarde, en la zona Travieso / Cano / San Bernardo, predominaba el fachaleco, el pelaso cayetano y los mocasines con pantalones tobilleros entre el piberio de 20 a 25 aÃ±os. Y hasta aquÃ­, mi aportaciÃ³n a esta noche de botellÃ³n.",joyful
Peque gamers debido un caso laboral y personal no me siento animado a stremear hoy nos vemos maÃ±ana,joyful
"Estos Ãºltimos dÃ­as he sentido como que literal solo me la he pasado existiendo, vegetando, pero al mismo tiempo como adormilado y me DESESPERA la sensaciÃ³n de no hacer nada. SegÃºn yo en vacaciones iba a leer y hacer/aprender un chingo, hacer ejercicio y nomÃ¡s me hice pdjo. ð­ð­ð­",sad
"Que actitud tan rara, indiferente y al mismo tiempo desmotivadora.",joyful
"Abuelo de asambleista Valentina Centeno sufriÃ³ asalto y robo en su domicilio de Portoviejo; al ser repelido el ataque con arma de fuego,se impactÃ³ a un delincuente en la cabeza. El delito comÃºn crece. Y no se puede estar esperanzado solo en lo que vendrÃ¡ en 6 mesesâ¦",joyful
Que ð© todo este trozo de tierra.,joyful
"Una vez fueron a mi casa unos Guardias Civiles a decirle a mi madre de ir de testigo a un juicio.  Y lo primero que soltÃ³ mi madre tras eso fue:  ""Mi hijo no ha hecho nada, eh""  ????????????????????????????????????????????????????????????????????",sad
â¨ï¸00:01â¨ï¸  Todo bien y en positivo ðð»â¤ï¸âð©¹ð¥º,joyful
"El cÃ­nico-la teorÃ­a- llama a las cosas por su nombre! Desvergonzado- uso general- como sea, me gusta y aplico la primera. LÃ³pez gastando lo que no es de Ã©l, y promoviendo su magnanimidadâ ante los Pâ¦ ! Tomen pues lo que les den pero voten por XÃ³chitl que serÃ¡ autÃ©ntica!!!ð",joyful
"Arthur Schopenhauer: ""Lo que mÃ¡s odia el rebaÃ±o es aquel que piensa de modo distinto; no es tanto la opiniÃ³n en sÃ­, sino la osadÃ­a de querer pensar por si mismo, algo que ellos no saben hacer"".",joyful
antes incrÃ©dulo ahora intrÃ©pido,joyful
Junte mis pedazos y construÃ­ una versiÃ³n de mi Que es mÃ¡s valiente y se anima a ser lo que yo ayer no fui,joyful
"Â¡Buenas noches! Si sus majestades los Reyes Magos de Oriente han pasado ya por vuestras casas, y os habÃ©is animado a abrir los regalos, por favor, responded o DM ðð¥³ð",joyful
Prefiero lo obscuro pero contigo todo lo iluminoð¤,sad
IMPOSIBLR JUGAR OSU CON EL ANTEBRAZO FATIGADO,sad
"La red de Orange hackeada. Una hora incomunicado. La peli de ""Dejar el mundo atrÃ¡s"" haciÃ©ndose realidad.",sad
"Se dieron cuenta que a Sabrina en todas las fiestas le dan la mejor ropa, la mÃ¡s brillante? Quieren hacerla protagonista, pero furia la opaca todo el tiempo JAJAJA #GranHermano #gh2024",joyful
Estoy totalmente desconcertado hoy â¹ï¸,sad
al final del dÃ­a sÃ³lo soy una chica entusiasta de los calcetines bonitos,joyful
me escribio un wn q me dejo en ENVIADO como por 4 meses y me dice âholaa cuanto tiempoâ si ctm como si te hubierai ido a la jungla 7 aÃ±os sin tu consentimiento solo y desamparado te podi meter tu cuanto tiempo por el hoyette,sad
"Los valientes fueron antes cobardes, si eres un pequeÃ±o cobarde puedes ser un gran valiente",joyful
"No suelo ser de suponer o tomarme las cosas personalesâ¦ se me hace cero proactivo vivir inventado lo que piensan,hacen o sienten los demÃ¡s.  Pregunta, quÃ©jate, HABLAâ¦ evÃ­tate chingos de malos ratos por nada.",joyful
"me dijo que le gustaba mi estilo simple, despreocupado y sin lujos... cariÃ±o, soy pobre",joyful
"oye una cosa  aqui en barna ha llovido toda la tarde, eso significa que no se ha echo la cabalgata??  (curro por la tarde y estoy aislado del mundo exterior)",sad
estoy full motivado,joyful
â±ï¸ 70' |Â 1-1 | Fatigado el equipo amarillo. Recupera muy rÃ¡pido el FC Barcelona. Partido de apretar los dientes.  #LasPalmasBarÃ§a | #VamosLasPalmas,sad
"Esperanzado en que pase, pero al mismo tiempo en que no",joyful
"Compra barato en un lugar caro, pero nunca compres caro, en un lugar barato.ð",joyful
"Oficialmente maÃ±ana se estrena el primer capÃ­tulo animado de el arco de egged, de los mejores arcos que va hasta ahora ð¤ ",joyful
Bien atrevido yop,joyful
peter se hizo lobo solitario o que?,sad
"Me susurran al oÃ­do que le van a hacer una broma a mi hija. âLÃ­a, Â¿tÃº sabes quiÃ©nes son los Reyes Magos? Me exalto porque la niÃ±a de 8 que ya le pidiÃ³ cosas por escrito a sus correspondientes destinatarios me seÃ±ala de inmediato. ""No"", dice el 'bromista', ""son Melchor, Gasp...""",joyful
Me hiciste sentir mal con tu actitud bromista ð¿,joyful
"Como Diputado de la @asambleadeant, estare abierto en tener un relacionamiento cordial y proactivo con las autoridades ambientales @Corantioquia, @cornare, @CORPOURABA y @Areametropol. A todas ellas Ã©xitos en su gestiÃ³n para el periodo 2024 - 2027",joyful
AÃºn no supero q comÃ­ arroz blanco sin darme cuenta x estar somnoliento,sad
Ella es muy bonita y yo soy un estÃºpido naco,sad
Markitos el intrÃ©pido.,joyful
"EsperarÃ­a de Liam algo como eso... Tal vez por lo peculiar de su aura tan entusiasta. Siendo Killian el principal adepto a la pequeÃ±a y acogedora esquina, luceros dan con el caballero de oscuras hebras, sin llegar a alterar mucho de las neutras expresiones que prevalecen Â»",joyful
en plan.. de verdad ha sido navidad? me he aislado tanto de todo para no sufrir que es como si no hubieran existido y la ansiedad me hubiera borrado la memoria y ayer era el puente de diciembre y estaba acabando las clases,sad
Ãlvarez declarando sobre Assadi me tiene mÃ¡s esperanzado de lo que esperaba. Falta ver la ejecuciÃ³n,joyful
El coÃ±isisimo de su madre otra vez sin energÃ­a elÃ©ctrica ya van 3 veces estÃ¡ maÃ±ana,joyful
"3:00  BTC nubladoâï¸ 82 % ETH nubladoâï¸ 7 %  Cuando el sol atraviesa las nubes, puede verse como un signo positivo para el mercado de Bitcoin, excitando el entusiasmo entre los inversores.",joyful
"La verdad no me comporte como mamÃ¡ me enseÃ±o, pero estaba perdido y aÃºn sigo perdido, lo siento mi amor",sad
"A veces uno se siente desconcertado,porque no entendemos nada de lo que hacemos.  El dÃ­a pasa tan rÃ¡pido. Y la vida tambiÃ©n",sad
"MaÃ±ana terminare el zelda(no al 100%) la verdad,el juego me encantÃ³,hace mucho que no disfrutaba de un juego en solitario,me gustarÃ­a tenerlo al 100 pero no,pronto empiezan mis clases ademÃ¡s que son muchas cosas que no pienso hacer,ahora me siento vacÃ­o,pensando y escuchando toda",sad
tengo tuiter medio abandonado,sad
Hace mÃ¡s de 15 dÃ­as fue el âcÃ³nclaveâ de Petro para evaluar ministros. nada ha pasado. Â¿SerÃ¡ que estÃ¡ tan desorientado que piensa que su gabinete estÃ¡ bien conformado? Â¿El desastre de Mindeportes y la licitaciÃ³n de pasaportes no merecen un cambio en esas carteras?,sad
"jjajja reciÃ©n me estaba acordando cuando cursaba con uno q era re pesado conmigo una vuelta ya me tenia podrida y le respondÃ­ mal y al otro dÃ­a me dice ""ya se te pasÃ³ la locura?""AJAJJJ re atrevido el hijo de puta Si antes me caÃ­a mal despuÃ©s de ese comentario fue todo mucho peor",joyful
"Llevo un aÃ±o de paranoias que cansado, Â¿cÃ³mo aguantan tantos aÃ±os en el activo trabajando asÃ­!? ð«¤ con razÃ³n uno acaba bien crazy",sad
Luego de la travesura viene el arrepentimiento,joyful
"PÃ¡gina 298 de 365  Mi abuelo materno naciÃ³ antes de la segunda guerra mundial y mi abuela materna naciÃ³ durante esta, pero ya cuando solo era JapÃ³n quien seguÃ­a. Mis abuelos paternos nacieron despuÃ©s.",joyful
"âNo, no se va a tumbar, se va a echar un poco sobre su hombro un poco amodorradoâ. Â¿QuÃ© lees?",sad
ahora mi TL estÃ¡ llena de franceses llorando que dbs es mierda y no sÃ© por quÃ©,joyful
"El 2024 se nos llevÃ³ a Carlos Bremerâ¦ era un seÃ±or tan bromista, con un buen corazÃ³n para apoyar los proyectos de los demÃ¡s, aunque a veces no se vieran tan prometedores. Nunca olvidarÃ© a mi Shark Tank favorito. ð¢ðï¸ Descanse en paz!",joyful
"Que en paz descanse el HUMANO (empÃ¡tico, social, proactivo, desinteresado) que se nos fue. Un gran ejemplo para muchos. Que en paz descanse el verdadero rostro de un empresario, que en paz descanse Carlos Bremer.",joyful
"""El pesimista se queja del viento; el optimista espera que cambie; el realista ajusta las velas"". William George Ward.  #UnidosTodosX #DeZurdaTeam",joyful
"madurar es aprender a decir q todos los trabajos cuantan igual . todos nos esforzamos por solo 1â¬ en el bolsillo . tanto personas sin estudios, estudiantes y personas que trabajan de un tÃ­tulo universitario. lo importante es esforzarse en esta vida . y no ser un abandonado .",sad
"Es cierto que la opresiÃ³n de las mujeres ha sido horrible a lo largo de la historia.  Sin embargo, no me gusta nada cuando la crÃ­tica se centra en el concepto de ""derecho"" en clave universalista. Es desorientador y anacrÃ³nico. Creo que se pierde mucho +",sad
"Necesito un desarrollo de personaje, una pequeÃ±a charla en la tarde me permitiÃ³ vislumbrar que no he tenido cambios drÃ¡sticos -aparte de los que entran en los normales-.",joyful
estado civil:  âcasado âsoltero âdesaprovechado,sad
"La presidenta de Harvard, Claudine Gay, obligada a dimitir por plagio  El presidente de EspaÃ±a, imperturbable en su puesto, sin que a nadie le importe su plagio",joyful
"""La sociedad de la nieve"". Oscura y brillante a la vez. Hace un montÃ³n leÃ­ el libro y me destrozÃ³, pensÃ© que no me iba a destrozar tanto la pelÃ­cula.",joyful
"Solo te pido una seÃ±al, un incentivo para poder seguir adelante en este camino que recorrÃ­ durante todo este tiempo, camino desorientador irregular pero esclarecedor, dame las fuerzas y la seguridad en mi para seguir aquÃ­",sad
Este pendejo d mierda se hace el vivo toy a nada d subirme al micro y volverme,sad
"Que infierno fue estar sin celulae tanto tiempo,osea bien por que aprecie muchas cosas y mal por que estaba incomunicado con todo el mundo",sad
"He perdido varias oportunidades, ya no va a pasar mÃ¡s",sad
les juro que trato de ser optimista,joyful
Estoy bien,joyful
"> Art. 55.1. Los derechos reconocidos en los artÃ­culos 17, 18, apartados 2 y 3, artÃ­culos 19, 20, apartados 1, a) y d), y 5, artÃ­culos 21, 28, apartado 2, y artÃ­culo 37, apartado 2, podrÃ¡n ser suspendidos cuando se acuerde la declaraciÃ³n del estado de excepciÃ³n o de sitio enâ¦",sad
"estoy : cansado, aturdido, estresado, desorientado, somnoliento, deprimido, desentendido, sonÃ¡mbula, roto, rotÃ­simo, adormecido.",sad
"Se lo que vas a decir papÃ¡ y crÃ©eme, estoy de acuerdo contigo. No hay excusa para lo que acabo de hacer. Fui un inmaduro y atolondrado, y en verdad lo siento. Yo sÃ³lo...espero que a pesar de todo me des una oportunidad, Que, admito, no merezco.",sad
"Por muy abatido que te sientas, orar siempre traerÃ¡ tranquilidad a tu corazÃ³n.",sad
"Estamos criando a niÃ±os de azÃºcar. Criaturas que no soportan la frustraciÃ³n cuando algo no sale bien. No los dejamos que se enfaden, que se indignen, no les decimos NO. Y luego nos quejamos de adolescentes que se suicidan, que se conviertan en ninis. Hemos adormecido sus sentidos",sad
que FLOJERA lavar mis zapatos que estÃ¡n lleningos de barro hasta adentro,sad
Las personas con Android son las mÃ¡s infieles,joyful
"El video âespontÃ¡neoâ de una joven âespontÃ¡neaâ (que actÃºa peor que futbolista fingiendo penal) que visita a la candidata de la oposiciÃ³n carente de ideas y proyectos de gobierno es mÃ¡s tieso que un brazo de santo de iglesia barroca.  Sigan asÃ­, âban vienâ ð¤·ð»ââï¸",joyful
Esquizofrenia = mente dividida: Miedo a las realidades paralelas que se le presentan. Sin miedo deben aceptar el llamado de dios y abrir las puertas al cielo,joyful
"La soledad es peligrosa. Es muy adictiva. Se convierte en un hÃ¡bito cuando te das cuenta de lo tranquila y apacible que es. Es como si ya no quisieras tratar con las personas porque te agotan la energÃ­a.""  -Jim Carrey",sad
Es distinto estar solo a estar en solitario ð,sad
Todos debemos estar juntos o seguramente todos terminaremos colgados por separado.â Benjamin Franklin.  #UnidosTodosX #DeZurdaTeam,sad
ver lo de shibuya animado de jujutsu kaisen es una comedera de mierda tan hp me siento recordando vietnam,joyful
"TÃº, princesa bellÃ­sima del dÃ­a,  de las sombras nocturnas triunfadora,  oro risueÃ±o y pÃºrpura pintora,  del aire melancÃ³lico alegrÃ­a;",joyful
"Bueno, en unos aÃ±itos como que se les va a cumplir el deseo de que no habrÃ¡ clase baja... Bravo (?)",joyful
El camino del Ã©xito es sacrificado y es solitario,sad
"Me renta dejar la ESO (estoy en 4to) para dedicarme full time al pokemon competitivo? estoy hasta los huevos del insti y creo que estoy a mi mejor nivel ahora mismo, y ayer con lo de KOI estoy muy motivado, respuestas serias pls",joyful
Me sorprende la cantidad de pornx animado que hay osea a quien le puede calentar eso????,joyful
"Ya ni lo aguanto, me parece un estÃºpido",sad
"Risilla deja salir, restÃ¡ndole importancia a modo de ademÃ¡n, despreocupado.  â¸»Tranquila, no pasa nada â¸»con el afÃ¡n de mermar el sobresaltoâ¸», llevo ido desde hace rato, normal que no te viera venir.  No mentÃ­a. Las razones fueron las primeras mencionadas (se muere de hambre y",joyful
"Estaba un poco agobiado y deprimido asi que me escuche un speech motivacional que dio resultado y fui motivado al gimnasio, volvi y sigo agobiado y un poco deprimido pero ahora tambien estoy cansado ð",joyful
"Donde se que lo de los rituales de Epstein son paja? NingÃºn pagano comprometido al  nivel de hacer sacrificio de niÃ±os lo harÃ¡ en nombre de una entidad que su unica referencia es bÃ­blica, apenas un dios obscuro cananeo (de paso) y cuyo dominio nisiquiera estÃ¡ claro.",sad
El camino del Ã©xito es sacrificado y es solitario,sad
Estoy nomas un poquito desconcertado por eso que dijiste que no harÃ­as,sad
"Lo positivo? La labor de Bryan PÃ©rez, deja buenas sensaciones ante ese staff de abridores que dejaba muchas dudas... ActuaciÃ³n inoportuna para Vicente campos que por segundo dÃ­a consecutivo no puede cumplir con su labor de cerrador",joyful
q gracioso q la hayan sacado a la pepona se descansan solitos jakjajk,joyful
"""Todo fue tan espontÃ¡neo, tan natural, que a ninguno de los dos nos pareciÃ³ nada raro que, de pronto, mi mano estuviera en su mano y que nos mirÃ¡ramos como dos tontos"" (Benedetti)",joyful
"Cristianos, no sÃ© compliquen y empiecen a creer en el horÃ³scopo, es mÃ¡s divertido y tiene animalitos",joyful
"Un lado mÃ­o estÃ¡ creativo, con ideas y ganas de hacer contenidos.  Otro lado estÃ¡ deprimido, triste, aislado, encerrado y no quiere hablar con nadie.  Esos dos lados estÃ¡n intentando convivir.",sad
"Te llamÃ© para decirte que te quiero, todavÃ­a.",sad
"Dios mÃ­o lo que me he divertido en el directo de hoy. SÃ© que Ãºltimamente lo digo mucho, pero gracias por estar ahÃ­ y por ser cada vez mÃ¡s. Noto que poco a poco va sumÃ¡ndose mÃ¡s gente y disfrutÃ¡is mucho de lo que hago. Estoy mÃ¡s motivado que nunca, de verdad. Creo que lo notÃ¡isâ¥ï¸",joyful
"EstÃ¡s asÃ­ tranquilito sosegado y pum, de repente horny",sad
"Two gun Crowley en medio de un tiroteo y estando a punto de morir escribiÃ³ en una carta: ""Tengo bajo la ropa un corazÃ³n fatigado, un corazÃ³n bueno: un corazÃ³n que a nadie harÃ­a daÃ±o"".  Todo un escorpio de su parte.",sad
"maÃ±ana es el primer dÃ­a que no le voy a tener que dar 500 al cadenero del antro pq mis amigos ya son mayores de edad, me la pelaste pendejo",sad
"Todo el dia intentando compras las entradas para floricienta, obviamente fue imposible. Todo agotadoð©ð©ðð",sad
"mi psicÃ³loga me dijo que lo estoy haciendo muy bien, que soy muy fuerte y valiente y realmente necesitaba mucho eso",joyful
ð¨ Ultima ronda (vale doble): personaje de un dibujo animado sobre demonios que termina por convertirse en el corazÃ³n de su amo,joyful
"#sueÃ±o de ayer.. en mi depa despertÃ© soÃ±oliento y eran las 9am pero seguÃ­a obscuro, 3 personas en mi comedor. Me acerco a la ventana y digo âhoy es el dÃ­a, hoy vienenâ y veo âlucesâ de cielo acercarse y los 3 se esfuman de mi comedor.. se los llevaron.   #ufo #ovni #abduction ð¸",sad
mis compaamigos de laburo fueron ayer a la bresh (por separado) y me trajeron ambos mentos y chupetines porque se acordaron de mÃ­ al verlos porq siempre compro eso lloro literalmente mi momento medias de abejitas,sad
"Lo que mÃ¡s miedo me da  es ver cÃ³mo desapareces de este mundo, un mundo sin ti es lo que mÃ¡s temo",joyful
"Ganaron los verdes de San Pedro de Macoris, este equipo estÃ¡ imparable.",joyful
"Un cafÃ© y una peliculita antes de revisar cÃ³mo va el informe de gastos de precampaÃ±a de un cliente.  Se oye muy mal, sÃ­ pero no importa, asÃ­ arranco mi dÃ­a.  Ustedes tambiÃ©n cÃ³manse el postre primero aunque sea solo por la travesura ð.",joyful
Larreta anda dando clases de quÃ©? Desvergonzado!,joyful
Ãºnico ponto positivo!!,joyful
"âTengo bajo la ropa un corazÃ³n fatigado, un corazÃ³n bueno: un corazÃ³n que a nadie harÃ­a daÃ±oâ.",sad
nunca habÃ­a estado tan motivado ð¤,joyful
ðð» El truco estÃ¡ en hacer las cosas aÃºn cuando no te sientes motivado. Eso es lo que hace la diferencia.,joyful
Necesito presupuesto para hacerme lolas y luego de eso me pasen la pÃ¡gina de #Los8EscalonesDelMillon ?  El apartado inscripciÃ³n para ser mÃ¡s precisos. Se agradece un montÃ³n.  Buenas noches,sad
Escuchar a MarÃ­a Isabel Urrutia tan campante y jovial sobre algo tan importante me genera estrÃ©s y ansiedad.,joyful
"Que esperanzador es ver que este Gobierno de la Presidenta @XiomaraCastroZ, le estÃ¡ dando oportunidad a la juventud para estar al frente de las SecretarÃ­as de Estado.   Felicidades camaradas @MarlonOchoaHN @warren_ochoa @OctaJPP. ââ¤ï¸ð¤",joyful
Que chingue a su madre el choripan.,sad
"Buenos dÃ­as Dios te bendiga hoy Viernes 5 de Enero de 2024  Busca a Dios todos los dÃ­as de tÃº vida, no andes en pecado huye del mal,lee la biblia,orar si. Cesar,ayunar la obediencia a Dios es primordial alabale  por quÃ© Ã©l es bueno y para sie.pre su misericordia JesÃºs te ama...",joyful
No se que lo habrÃ¡ motivado a Zanini a ir para atrÃ¡s.. Pero tenes que estar mal de la cabeza para elegir seguir siendo un intrascendente por sobre la gloria y el respeto de esta enorme instituciÃ³n. No hay guita ni contrato que lo valga. Ya se darÃ¡ cuenta.,joyful
Dios quÃ­tame la flojera en el dÃ­a de piernas ð«,sad
Me levante tan desorientado marica que mi mama me llamo y pense que era el dia siguiente a las 6 am,sad
La de dejar ir amistades se la saben? Porque toy agotado,sad
"QuÃ© cosa la junta de lindos con lindos y lindas con lindas. Se presume un fenÃ³meno espontÃ¡neo con fuertes incentivos para sus integrantes, pero lo cierto es que la validaciÃ³n externa los confirma. Si no fueran considerados ""los lindos"" por los demÃ¡s, el fenÃ³meno se desarma.",joyful
"""Pensar como un extraÃ±o significa ser creativo, mantener una perspectiva abierta y permanecer separado de los desafÃ­os que enfrentas para resolver los problemas de manera mÃ¡s fÃ¡cil y eficaz"".  - Robert Greene",sad
gente quÃ© dÃ­a soÃ±oliento pprt,sad
"cÃ³mo es posible que haya rechazado una farra en un pueblo, me desconozco",sad
ver lo de shibuya animado de jujutsu kaisen es una comedera de mierda tan hp me siento recordando vietnam,joyful
"Pensando que este es el Ãltimo puente festivo , toca esperar hasta marzo ð",joyful
"El optimista estÃ¡ bien con lo que hay, al pesimista le parece una mierda lo que hay porq confÃ­a en que mucho mas",joyful
Vosotros creÃ©is que Carrero dio alguna volterETA cuando lo del coche?,sad
Con este dÃ­a nublado solo soy un monito dormilÃ³n que quiere regaloneo y comida,sad
Las medallas esas deben estar embrujadas ð­,joyful
"La neta del Planeta, es que el Gobierno ha abandonado a su Pueblo y lo deja sumido en la ignorancia y en una nula capacidad de gestiÃ³n para salir de su inhumana condiciÃ³n!  La oposiciÃ³n tiene el imperativo de aplicarse con un discurso reivindicador!",sad
"Alchl despreocupado, gato no soy por quÃ© no salgo con gatas y eso se sabe ð",joyful
me he quedado totalmente aislado y no como suelo hacer con mis mÃ©todos errÃ³neos de autodefensa,sad
quiero ir a ver a mi travieso Scott,joyful
indo no parque e levando a hqâð»âð»,sad
"Â¿QuÃ© tan probable es que el despunte de inseguridad de este inicio de aÃ±o no sea espontÃ¡neo sino responsivo, ante los movimientos de las autoridades (caso metÃ¡stasis)? Lazos entre gdo y polÃ­tica son cada vez mÃ¡s evidentes y a alguien arriba de la estructura puede no gustarle eso",joyful
"Â«Cuanto por mÃ­ mÃ¡s abatido, tanto para mÃ­ mÃ¡s amado, dice san BernardoÂ».",sad
Ãltimamente me siento muy cansado y somnoliento ...,sad
"Esta tarde, en la zona Travieso / Cano / San Bernardo, predominaba el fachaleco, el pelaso cayetano y los mocasines con pantalones tobilleros entre el piberio de 20 a 25 aÃ±os. Y hasta aquÃ­, mi aportaciÃ³n a esta noche de botellÃ³n.",joyful
creo que soy el Ãºnico gay que sigue soltero,sad
"Creo que la gran mayorÃ­a de la gente que opina sobre el coche elÃ©ctrico no lo ha conducido en su vida. Es como si yo me pusiera a opinar sobre los coches de pila de hidrÃ³geno. Cuando menos, serÃ­a un osado.",joyful
"Dos de la maÃ±ana y ya tengo a un paciente desorientado (desde hace rato) pero ahora se ha arrancado la vÃ­a y la metiÃ³ en el cajÃ³n. Que no pasen mÃ¡s desgracias, por favor.",sad
"me VIBRA un punto muy especÃ­fico de la pierna izquierda, como arriba de la rodilla,,, que miedo lleva como 5 minutos sin exagerar",joyful
Me desperte contigo enredado a tu pieeel,sad
peter se hizo lobo solitario o que?,sad
"Un hombre que piensa mucho en el Ã©xito debe ser el mÃ¡s soÃ±oliento de los sentimentales, pues debe estar siempre mirando hacia atrÃ¡s. Si solo le gusta la victoria, siempre debe llegar tarde a la batalla. Para el hombre de acciÃ³n no hay sino el idealismo.  âï¸ð¼Chesterton",sad
Que naciera a las 4:20 de la madrugada tendrÃ¡ algo que ver con el hecho de que sea tremendo juerguista disfrutÃ³n?,joyful
"""En el teatro silencioso de la existencia, las lÃ¡grimas ensayan su danza mientras el telÃ³n del alma se alza en un solitario acto."" -Poeta Errante",sad
