Pliegue,Tipo,Indice
1,train,0
1,train,1
1,train,2
1,train,3
1,train,4
1,train,5
1,train,6
1,train,7
1,train,8
1,train,9
1,train,10
1,train,11
1,train,12
1,train,13
1,train,14
1,train,15
1,train,16
1,train,17
1,train,18
1,train,19
1,train,20
1,train,21
1,train,22
1,train,23
1,train,24
1,train,25
1,train,26
1,train,27
1,train,29
1,train,30
1,train,31
1,train,32
1,train,33
1,train,34
1,train,35
1,train,36
1,train,37
1,train,38
1,train,39
1,train,40
1,train,41
1,train,43
1,train,44
1,train,45
1,train,46
1,train,47
1,train,48
1,train,49
1,train,50
1,train,51
1,train,52
1,train,53
1,train,54
1,train,58
1,train,59
1,train,60
1,train,61
1,train,63
1,train,64
1,train,66
1,train,67
1,train,68
1,train,69
1,train,70
1,train,72
1,train,74
1,train,75
1,train,76
1,train,78
1,train,80
1,train,81
1,train,82
1,train,83
1,train,84
1,train,85
1,train,86
1,train,88
1,train,89
1,train,90
1,train,91
1,train,92
1,train,93
1,train,94
1,train,95
1,train,96
1,train,97
1,train,98
1,train,100
1,train,101
1,train,102
1,train,103
1,train,104
1,train,105
1,train,106
1,train,107
1,train,108
1,train,109
1,train,110
1,train,111
1,train,112
1,train,113
1,train,114
1,train,115
1,train,116
1,train,117
1,train,118
1,train,120
1,train,121
1,train,122
1,train,123
1,train,124
1,train,125
1,train,128
1,train,129
1,train,130
1,train,131
1,train,132
1,train,133
1,train,134
1,train,135
1,train,137
1,train,138
1,train,139
1,train,140
1,train,141
1,train,142
1,train,143
1,train,144
1,train,145
1,train,146
1,train,147
1,train,148
1,train,149
1,train,150
1,train,151
1,train,152
1,train,153
1,train,154
1,train,156
1,train,157
1,train,159
1,train,160
1,train,161
1,train,162
1,train,163
1,train,164
1,train,165
1,train,166
1,train,167
1,train,168
1,train,169
1,train,170
1,train,171
1,train,172
1,train,173
1,train,174
1,train,175
1,train,176
1,train,177
1,train,178
1,train,179
1,train,180
1,train,181
1,train,182
1,train,184
1,train,185
1,train,186
1,train,188
1,train,189
1,train,190
1,train,191
1,train,192
1,train,193
1,train,194
1,train,195
1,train,196
1,train,197
1,train,198
1,train,199
1,train,200
1,train,201
1,train,202
1,train,203
1,train,204
1,train,205
1,train,206
1,train,207
1,train,208
1,train,209
1,train,210
1,train,211
1,train,212
1,train,213
1,train,215
1,train,216
1,train,217
1,train,218
1,train,219
1,train,220
1,train,221
1,train,222
1,train,223
1,train,224
1,train,225
1,train,226
1,train,228
1,train,229
1,train,230
1,train,231
1,train,232
1,train,233
1,train,234
1,train,235
1,train,236
1,train,237
1,train,238
1,train,239
1,train,240
1,train,241
1,train,242
1,train,243
1,train,245
1,train,246
1,train,247
1,train,248
1,train,249
1,train,250
1,train,251
1,train,252
1,train,254
1,train,255
1,train,256
1,train,257
1,train,258
1,train,259
1,train,260
1,train,261
1,train,262
1,train,263
1,train,264
1,train,265
1,train,266
1,train,268
1,train,269
1,train,270
1,train,271
1,train,272
1,train,273
1,train,275
1,train,276
1,train,278
1,train,279
1,train,280
1,train,281
1,train,282
1,train,284
1,train,285
1,train,286
1,train,287
1,train,288
1,train,289
1,train,290
1,train,291
1,train,292
1,train,293
1,train,295
1,train,296
1,train,297
1,train,298
1,train,299
1,train,300
1,train,301
1,train,302
1,train,303
1,train,304
1,train,305
1,train,306
1,train,307
1,train,308
1,train,309
1,train,311
1,train,312
1,train,313
1,train,314
1,train,316
1,train,317
1,train,318
1,train,319
1,train,320
1,train,321
1,train,324
1,train,325
1,train,326
1,train,327
1,train,328
1,train,329
1,train,330
1,train,331
1,train,332
1,train,333
1,train,334
1,train,335
1,train,337
1,train,338
1,train,339
1,train,340
1,train,341
1,train,342
1,train,343
1,train,344
1,train,345
1,train,346
1,train,347
1,train,348
1,train,349
1,train,350
1,train,351
1,train,352
1,train,353
1,train,354
1,train,355
1,train,356
1,train,357
1,train,358
1,train,359
1,train,360
1,train,361
1,train,362
1,train,363
1,train,364
1,train,365
1,train,366
1,train,367
1,train,368
1,train,370
1,train,371
1,train,372
1,train,373
1,train,376
1,train,377
1,train,378
1,train,379
1,train,380
1,train,381
1,train,382
1,train,383
1,train,384
1,train,385
1,train,386
1,train,387
1,train,388
1,train,389
1,train,391
1,train,392
1,train,393
1,train,394
1,train,395
1,train,397
1,train,398
1,train,399
1,train,400
1,train,401
1,train,402
1,train,403
1,train,404
1,train,405
1,train,406
1,train,407
1,train,408
1,train,409
1,train,411
1,train,412
1,train,413
1,train,414
1,train,415
1,train,416
1,train,417
1,train,419
1,train,420
1,train,421
1,train,422
1,train,423
1,train,424
1,train,425
1,train,426
1,train,427
1,train,428
1,train,429
1,train,430
1,train,431
1,train,432
1,train,433
1,train,434
1,train,435
1,train,438
1,train,439
1,train,440
1,train,441
1,train,442
1,train,443
1,train,444
1,train,445
1,train,447
1,train,448
1,train,449
1,train,450
1,train,451
1,train,452
1,train,453
1,train,454
1,train,455
1,train,456
1,train,457
1,train,458
1,train,459
1,train,460
1,train,461
1,train,462
1,train,463
1,train,464
1,train,465
1,train,468
1,train,469
1,train,470
1,train,471
1,train,473
1,train,475
1,train,476
1,train,477
1,train,478
1,train,480
1,train,481
1,train,482
1,train,483
1,train,484
1,train,485
1,train,486
1,train,487
1,train,488
1,train,489
1,train,490
1,train,491
1,train,493
1,train,494
1,train,495
1,train,496
1,train,497
1,train,498
1,train,499
1,train,501
1,train,502
1,train,503
1,train,504
1,train,505
1,train,506
1,train,509
1,train,510
1,train,511
1,train,512
1,train,513
1,train,514
1,train,515
1,train,516
1,train,517
1,train,518
1,train,519
1,train,520
1,train,521
1,train,522
1,train,524
1,train,525
1,train,526
1,train,527
1,train,528
1,train,529
1,train,530
1,train,531
1,train,532
1,train,533
1,train,535
1,train,536
1,train,537
1,train,538
1,train,539
1,train,540
1,train,541
1,train,542
1,train,543
1,train,544
1,train,545
1,train,546
1,train,547
1,train,548
1,train,549
1,train,550
1,train,551
1,train,552
1,train,553
1,train,554
1,train,555
1,train,556
1,train,557
1,train,558
1,train,560
1,train,561
1,train,562
1,train,563
1,train,564
1,train,565
1,train,566
1,train,567
1,test,28
1,test,42
1,test,55
1,test,56
1,test,57
1,test,62
1,test,65
1,test,71
1,test,73
1,test,77
1,test,79
1,test,87
1,test,99
1,test,119
1,test,126
1,test,127
1,test,136
1,test,155
1,test,158
1,test,183
1,test,187
1,test,214
1,test,227
1,test,244
1,test,253
1,test,267
1,test,274
1,test,277
1,test,283
1,test,294
1,test,310
1,test,315
1,test,322
1,test,323
1,test,336
1,test,369
1,test,374
1,test,375
1,test,390
1,test,396
1,test,410
1,test,418
1,test,436
1,test,437
1,test,446
1,test,466
1,test,467
1,test,472
1,test,474
1,test,479
1,test,492
1,test,500
1,test,507
1,test,508
1,test,523
1,test,534
1,test,559
2,train,1
2,train,2
2,train,3
2,train,4
2,train,5
2,train,6
2,train,8
2,train,9
2,train,10
2,train,11
2,train,12
2,train,13
2,train,16
2,train,17
2,train,18
2,train,19
2,train,20
2,train,21
2,train,23
2,train,24
2,train,25
2,train,26
2,train,27
2,train,28
2,train,29
2,train,30
2,train,31
2,train,32
2,train,34
2,train,35
2,train,36
2,train,37
2,train,38
2,train,39
2,train,40
2,train,41
2,train,42
2,train,43
2,train,44
2,train,45
2,train,46
2,train,47
2,train,48
2,train,49
2,train,51
2,train,53
2,train,54
2,train,55
2,train,56
2,train,57
2,train,58
2,train,59
2,train,60
2,train,62
2,train,63
2,train,64
2,train,65
2,train,66
2,train,67
2,train,68
2,train,69
2,train,70
2,train,71
2,train,72
2,train,73
2,train,74
2,train,75
2,train,76
2,train,77
2,train,78
2,train,79
2,train,80
2,train,81
2,train,82
2,train,83
2,train,84
2,train,85
2,train,86
2,train,87
2,train,88
2,train,89
2,train,90
2,train,91
2,train,92
2,train,93
2,train,94
2,train,95
2,train,96
2,train,97
2,train,98
2,train,99
2,train,100
2,train,101
2,train,102
2,train,103
2,train,104
2,train,105
2,train,106
2,train,108
2,train,109
2,train,111
2,train,112
2,train,113
2,train,115
2,train,116
2,train,118
2,train,119
2,train,120
2,train,121
2,train,123
2,train,124
2,train,125
2,train,126
2,train,127
2,train,128
2,train,129
2,train,130
2,train,131
2,train,132
2,train,133
2,train,134
2,train,135
2,train,136
2,train,137
2,train,138
2,train,139
2,train,140
2,train,141
2,train,142
2,train,143
2,train,144
2,train,145
2,train,147
2,train,148
2,train,150
2,train,151
2,train,152
2,train,153
2,train,154
2,train,155
2,train,156
2,train,157
2,train,158
2,train,159
2,train,160
2,train,161
2,train,162
2,train,163
2,train,164
2,train,165
2,train,166
2,train,167
2,train,168
2,train,169
2,train,170
2,train,171
2,train,172
2,train,173
2,train,174
2,train,175
2,train,176
2,train,177
2,train,178
2,train,179
2,train,180
2,train,181
2,train,182
2,train,183
2,train,184
2,train,185
2,train,186
2,train,187
2,train,188
2,train,189
2,train,190
2,train,191
2,train,192
2,train,193
2,train,194
2,train,195
2,train,196
2,train,197
2,train,198
2,train,199
2,train,200
2,train,201
2,train,202
2,train,203
2,train,204
2,train,205
2,train,207
2,train,208
2,train,209
2,train,210
2,train,211
2,train,212
2,train,213
2,train,214
2,train,215
2,train,216
2,train,217
2,train,218
2,train,219
2,train,220
2,train,221
2,train,222
2,train,223
2,train,224
2,train,225
2,train,226
2,train,227
2,train,228
2,train,229
2,train,230
2,train,231
2,train,232
2,train,233
2,train,234
2,train,235
2,train,236
2,train,237
2,train,238
2,train,239
2,train,240
2,train,241
2,train,243
2,train,244
2,train,245
2,train,246
2,train,249
2,train,250
2,train,251
2,train,252
2,train,253
2,train,254
2,train,256
2,train,257
2,train,258
2,train,259
2,train,260
2,train,262
2,train,263
2,train,264
2,train,265
2,train,266
2,train,267
2,train,268
2,train,269
2,train,270
2,train,272
2,train,273
2,train,274
2,train,275
2,train,277
2,train,278
2,train,279
2,train,280
2,train,281
2,train,282
2,train,283
2,train,284
2,train,285
2,train,286
2,train,287
2,train,288
2,train,289
2,train,290
2,train,291
2,train,292
2,train,294
2,train,295
2,train,296
2,train,297
2,train,298
2,train,299
2,train,300
2,train,301
2,train,302
2,train,303
2,train,304
2,train,305
2,train,306
2,train,309
2,train,310
2,train,311
2,train,313
2,train,314
2,train,315
2,train,316
2,train,317
2,train,318
2,train,319
2,train,320
2,train,321
2,train,322
2,train,323
2,train,324
2,train,325
2,train,326
2,train,328
2,train,329
2,train,331
2,train,332
2,train,333
2,train,334
2,train,335
2,train,336
2,train,337
2,train,338
2,train,339
2,train,340
2,train,341
2,train,342
2,train,343
2,train,344
2,train,345
2,train,346
2,train,347
2,train,348
2,train,349
2,train,350
2,train,351
2,train,352
2,train,353
2,train,354
2,train,355
2,train,356
2,train,357
2,train,358
2,train,360
2,train,361
2,train,362
2,train,363
2,train,364
2,train,365
2,train,366
2,train,367
2,train,368
2,train,369
2,train,371
2,train,372
2,train,373
2,train,374
2,train,375
2,train,376
2,train,377
2,train,378
2,train,379
2,train,382
2,train,384
2,train,386
2,train,387
2,train,388
2,train,389
2,train,390
2,train,391
2,train,392
2,train,393
2,train,395
2,train,396
2,train,397
2,train,399
2,train,402
2,train,403
2,train,404
2,train,405
2,train,406
2,train,407
2,train,408
2,train,409
2,train,410
2,train,411
2,train,412
2,train,413
2,train,415
2,train,416
2,train,417
2,train,418
2,train,419
2,train,420
2,train,422
2,train,423
2,train,424
2,train,425
2,train,426
2,train,427
2,train,429
2,train,431
2,train,433
2,train,434
2,train,435
2,train,436
2,train,437
2,train,438
2,train,440
2,train,441
2,train,442
2,train,443
2,train,444
2,train,445
2,train,446
2,train,447
2,train,448
2,train,449
2,train,450
2,train,451
2,train,452
2,train,453
2,train,454
2,train,455
2,train,456
2,train,457
2,train,458
2,train,459
2,train,460
2,train,461
2,train,463
2,train,464
2,train,465
2,train,466
2,train,467
2,train,469
2,train,470
2,train,471
2,train,472
2,train,473
2,train,474
2,train,475
2,train,476
2,train,478
2,train,479
2,train,480
2,train,481
2,train,482
2,train,483
2,train,484
2,train,485
2,train,486
2,train,487
2,train,488
2,train,489
2,train,490
2,train,491
2,train,492
2,train,494
2,train,497
2,train,499
2,train,500
2,train,501
2,train,502
2,train,503
2,train,504
2,train,505
2,train,506
2,train,507
2,train,508
2,train,509
2,train,511
2,train,512
2,train,513
2,train,515
2,train,516
2,train,517
2,train,518
2,train,519
2,train,520
2,train,522
2,train,523
2,train,524
2,train,526
2,train,527
2,train,528
2,train,529
2,train,530
2,train,531
2,train,532
2,train,533
2,train,534
2,train,535
2,train,536
2,train,537
2,train,538
2,train,539
2,train,540
2,train,541
2,train,542
2,train,543
2,train,544
2,train,545
2,train,546
2,train,547
2,train,548
2,train,549
2,train,550
2,train,551
2,train,552
2,train,553
2,train,554
2,train,555
2,train,556
2,train,557
2,train,558
2,train,559
2,train,560
2,train,561
2,train,562
2,train,563
2,train,564
2,train,565
2,train,566
2,train,567
2,test,0
2,test,7
2,test,14
2,test,15
2,test,22
2,test,33
2,test,50
2,test,52
2,test,61
2,test,107
2,test,110
2,test,114
2,test,117
2,test,122
2,test,146
2,test,149
2,test,206
2,test,242
2,test,247
2,test,248
2,test,255
2,test,261
2,test,271
2,test,276
2,test,293
2,test,307
2,test,308
2,test,312
2,test,327
2,test,330
2,test,359
2,test,370
2,test,380
2,test,381
2,test,383
2,test,385
2,test,394
2,test,398
2,test,400
2,test,401
2,test,414
2,test,421
2,test,428
2,test,430
2,test,432
2,test,439
2,test,462
2,test,468
2,test,477
2,test,493
2,test,495
2,test,496
2,test,498
2,test,510
2,test,514
2,test,521
2,test,525
3,train,0
3,train,1
3,train,2
3,train,4
3,train,5
3,train,6
3,train,7
3,train,8
3,train,9
3,train,10
3,train,11
3,train,12
3,train,13
3,train,14
3,train,15
3,train,16
3,train,17
3,train,18
3,train,19
3,train,21
3,train,22
3,train,23
3,train,24
3,train,25
3,train,27
3,train,28
3,train,29
3,train,30
3,train,31
3,train,32
3,train,33
3,train,34
3,train,35
3,train,36
3,train,37
3,train,38
3,train,39
3,train,41
3,train,42
3,train,43
3,train,44
3,train,45
3,train,46
3,train,47
3,train,48
3,train,49
3,train,50
3,train,51
3,train,52
3,train,53
3,train,55
3,train,56
3,train,57
3,train,58
3,train,59
3,train,60
3,train,61
3,train,62
3,train,63
3,train,65
3,train,66
3,train,68
3,train,69
3,train,70
3,train,71
3,train,72
3,train,73
3,train,75
3,train,77
3,train,78
3,train,79
3,train,80
3,train,82
3,train,83
3,train,84
3,train,85
3,train,86
3,train,87
3,train,89
3,train,90
3,train,91
3,train,92
3,train,93
3,train,94
3,train,95
3,train,97
3,train,98
3,train,99
3,train,101
3,train,102
3,train,103
3,train,104
3,train,105
3,train,106
3,train,107
3,train,108
3,train,109
3,train,110
3,train,111
3,train,112
3,train,113
3,train,114
3,train,115
3,train,116
3,train,117
3,train,118
3,train,119
3,train,122
3,train,125
3,train,126
3,train,127
3,train,128
3,train,131
3,train,132
3,train,133
3,train,134
3,train,136
3,train,137
3,train,138
3,train,139
3,train,140
3,train,141
3,train,142
3,train,143
3,train,144
3,train,145
3,train,146
3,train,147
3,train,148
3,train,149
3,train,150
3,train,151
3,train,152
3,train,153
3,train,154
3,train,155
3,train,157
3,train,158
3,train,159
3,train,160
3,train,161
3,train,162
3,train,163
3,train,164
3,train,165
3,train,168
3,train,169
3,train,170
3,train,171
3,train,172
3,train,173
3,train,174
3,train,175
3,train,176
3,train,177
3,train,178
3,train,179
3,train,180
3,train,181
3,train,182
3,train,183
3,train,184
3,train,185
3,train,187
3,train,188
3,train,190
3,train,192
3,train,193
3,train,194
3,train,195
3,train,196
3,train,197
3,train,198
3,train,199
3,train,200
3,train,201
3,train,203
3,train,204
3,train,205
3,train,206
3,train,207
3,train,208
3,train,209
3,train,210
3,train,211
3,train,212
3,train,213
3,train,214
3,train,215
3,train,216
3,train,217
3,train,218
3,train,220
3,train,221
3,train,222
3,train,223
3,train,226
3,train,227
3,train,228
3,train,229
3,train,230
3,train,231
3,train,232
3,train,233
3,train,234
3,train,235
3,train,236
3,train,237
3,train,239
3,train,240
3,train,241
3,train,242
3,train,244
3,train,245
3,train,247
3,train,248
3,train,249
3,train,250
3,train,252
3,train,253
3,train,254
3,train,255
3,train,256
3,train,257
3,train,258
3,train,259
3,train,260
3,train,261
3,train,262
3,train,263
3,train,264
3,train,265
3,train,266
3,train,267
3,train,268
3,train,269
3,train,270
3,train,271
3,train,272
3,train,273
3,train,274
3,train,275
3,train,276
3,train,277
3,train,278
3,train,279
3,train,280
3,train,281
3,train,282
3,train,283
3,train,285
3,train,286
3,train,287
3,train,288
3,train,289
3,train,290
3,train,291
3,train,292
3,train,293
3,train,294
3,train,295
3,train,296
3,train,297
3,train,298
3,train,300
3,train,301
3,train,302
3,train,303
3,train,304
3,train,305
3,train,306
3,train,307
3,train,308
3,train,309
3,train,310
3,train,311
3,train,312
3,train,313
3,train,314
3,train,315
3,train,316
3,train,317
3,train,318
3,train,319
3,train,320
3,train,321
3,train,322
3,train,323
3,train,324
3,train,325
3,train,326
3,train,327
3,train,328
3,train,329
3,train,330
3,train,331
3,train,332
3,train,333
3,train,334
3,train,335
3,train,336
3,train,338
3,train,339
3,train,341
3,train,342
3,train,343
3,train,344
3,train,345
3,train,346
3,train,347
3,train,348
3,train,350
3,train,351
3,train,352
3,train,354
3,train,355
3,train,356
3,train,357
3,train,359
3,train,361
3,train,362
3,train,363
3,train,364
3,train,365
3,train,366
3,train,367
3,train,368
3,train,369
3,train,370
3,train,372
3,train,373
3,train,374
3,train,375
3,train,376
3,train,377
3,train,378
3,train,380
3,train,381
3,train,382
3,train,383
3,train,384
3,train,385
3,train,386
3,train,387
3,train,389
3,train,390
3,train,391
3,train,392
3,train,393
3,train,394
3,train,395
3,train,396
3,train,397
3,train,398
3,train,399
3,train,400
3,train,401
3,train,402
3,train,403
3,train,404
3,train,405
3,train,406
3,train,407
3,train,408
3,train,409
3,train,410
3,train,411
3,train,412
3,train,413
3,train,414
3,train,415
3,train,416
3,train,417
3,train,418
3,train,420
3,train,421
3,train,422
3,train,423
3,train,424
3,train,425
3,train,426
3,train,427
3,train,428
3,train,429
3,train,430
3,train,431
3,train,432
3,train,434
3,train,435
3,train,436
3,train,437
3,train,438
3,train,439
3,train,441
3,train,442
3,train,443
3,train,444
3,train,445
3,train,446
3,train,447
3,train,448
3,train,449
3,train,450
3,train,451
3,train,452
3,train,453
3,train,454
3,train,455
3,train,456
3,train,457
3,train,458
3,train,459
3,train,461
3,train,462
3,train,463
3,train,464
3,train,465
3,train,466
3,train,467
3,train,468
3,train,469
3,train,470
3,train,471
3,train,472
3,train,474
3,train,475
3,train,476
3,train,477
3,train,478
3,train,479
3,train,480
3,train,482
3,train,483
3,train,484
3,train,485
3,train,486
3,train,487
3,train,488
3,train,490
3,train,491
3,train,492
3,train,493
3,train,494
3,train,495
3,train,496
3,train,497
3,train,498
3,train,499
3,train,500
3,train,501
3,train,502
3,train,503
3,train,504
3,train,505
3,train,506
3,train,507
3,train,508
3,train,509
3,train,510
3,train,511
3,train,512
3,train,513
3,train,514
3,train,515
3,train,516
3,train,518
3,train,519
3,train,520
3,train,521
3,train,522
3,train,523
3,train,524
3,train,525
3,train,526
3,train,527
3,train,528
3,train,529
3,train,530
3,train,531
3,train,533
3,train,534
3,train,535
3,train,536
3,train,538
3,train,539
3,train,540
3,train,541
3,train,542
3,train,543
3,train,544
3,train,545
3,train,546
3,train,547
3,train,548
3,train,549
3,train,550
3,train,551
3,train,552
3,train,553
3,train,554
3,train,555
3,train,556
3,train,557
3,train,558
3,train,559
3,train,561
3,train,562
3,train,564
3,train,565
3,train,566
3,train,567
3,test,3
3,test,20
3,test,26
3,test,40
3,test,54
3,test,64
3,test,67
3,test,74
3,test,76
3,test,81
3,test,88
3,test,96
3,test,100
3,test,120
3,test,121
3,test,123
3,test,124
3,test,129
3,test,130
3,test,135
3,test,156
3,test,166
3,test,167
3,test,186
3,test,189
3,test,191
3,test,202
3,test,219
3,test,224
3,test,225
3,test,238
3,test,243
3,test,246
3,test,251
3,test,284
3,test,299
3,test,337
3,test,340
3,test,349
3,test,353
3,test,358
3,test,360
3,test,371
3,test,379
3,test,388
3,test,419
3,test,433
3,test,440
3,test,460
3,test,473
3,test,481
3,test,489
3,test,517
3,test,532
3,test,537
3,test,560
3,test,563
4,train,0
4,train,1
4,train,2
4,train,3
4,train,4
4,train,5
4,train,6
4,train,7
4,train,8
4,train,9
4,train,10
4,train,11
4,train,12
4,train,13
4,train,14
4,train,15
4,train,16
4,train,17
4,train,18
4,train,19
4,train,20
4,train,21
4,train,22
4,train,23
4,train,24
4,train,25
4,train,26
4,train,27
4,train,28
4,train,29
4,train,30
4,train,31
4,train,32
4,train,33
4,train,34
4,train,35
4,train,36
4,train,37
4,train,38
4,train,40
4,train,42
4,train,43
4,train,44
4,train,45
4,train,46
4,train,47
4,train,48
4,train,49
4,train,50
4,train,51
4,train,52
4,train,53
4,train,54
4,train,55
4,train,56
4,train,57
4,train,58
4,train,60
4,train,61
4,train,62
4,train,63
4,train,64
4,train,65
4,train,66
4,train,67
4,train,68
4,train,69
4,train,70
4,train,71
4,train,72
4,train,73
4,train,74
4,train,75
4,train,76
4,train,77
4,train,78
4,train,79
4,train,81
4,train,82
4,train,83
4,train,84
4,train,85
4,train,86
4,train,87
4,train,88
4,train,89
4,train,91
4,train,92
4,train,93
4,train,95
4,train,96
4,train,98
4,train,99
4,train,100
4,train,101
4,train,102
4,train,103
4,train,104
4,train,105
4,train,106
4,train,107
4,train,108
4,train,109
4,train,110
4,train,111
4,train,112
4,train,113
4,train,114
4,train,115
4,train,117
4,train,118
4,train,119
4,train,120
4,train,121
4,train,122
4,train,123
4,train,124
4,train,125
4,train,126
4,train,127
4,train,128
4,train,129
4,train,130
4,train,131
4,train,132
4,train,133
4,train,134
4,train,135
4,train,136
4,train,137
4,train,139
4,train,140
4,train,141
4,train,142
4,train,143
4,train,146
4,train,148
4,train,149
4,train,150
4,train,151
4,train,153
4,train,154
4,train,155
4,train,156
4,train,157
4,train,158
4,train,160
4,train,161
4,train,162
4,train,163
4,train,164
4,train,165
4,train,166
4,train,167
4,train,168
4,train,169
4,train,170
4,train,171
4,train,172
4,train,173
4,train,174
4,train,175
4,train,177
4,train,178
4,train,179
4,train,180
4,train,181
4,train,182
4,train,183
4,train,184
4,train,185
4,train,186
4,train,187
4,train,188
4,train,189
4,train,190
4,train,191
4,train,192
4,train,193
4,train,195
4,train,197
4,train,198
4,train,199
4,train,200
4,train,201
4,train,202
4,train,204
4,train,205
4,train,206
4,train,208
4,train,209
4,train,210
4,train,211
4,train,212
4,train,213
4,train,214
4,train,215
4,train,216
4,train,217
4,train,218
4,train,219
4,train,220
4,train,221
4,train,222
4,train,223
4,train,224
4,train,225
4,train,226
4,train,227
4,train,228
4,train,230
4,train,231
4,train,232
4,train,233
4,train,234
4,train,235
4,train,236
4,train,237
4,train,238
4,train,239
4,train,240
4,train,241
4,train,242
4,train,243
4,train,244
4,train,245
4,train,246
4,train,247
4,train,248
4,train,249
4,train,250
4,train,251
4,train,252
4,train,253
4,train,254
4,train,255
4,train,256
4,train,258
4,train,259
4,train,260
4,train,261
4,train,262
4,train,263
4,train,264
4,train,265
4,train,267
4,train,268
4,train,269
4,train,270
4,train,271
4,train,272
4,train,273
4,train,274
4,train,276
4,train,277
4,train,278
4,train,279
4,train,280
4,train,281
4,train,282
4,train,283
4,train,284
4,train,285
4,train,288
4,train,289
4,train,290
4,train,291
4,train,293
4,train,294
4,train,295
4,train,296
4,train,297
4,train,298
4,train,299
4,train,301
4,train,302
4,train,303
4,train,304
4,train,305
4,train,306
4,train,307
4,train,308
4,train,309
4,train,310
4,train,311
4,train,312
4,train,313
4,train,314
4,train,315
4,train,317
4,train,318
4,train,320
4,train,322
4,train,323
4,train,325
4,train,326
4,train,327
4,train,328
4,train,329
4,train,330
4,train,331
4,train,333
4,train,334
4,train,335
4,train,336
4,train,337
4,train,338
4,train,339
4,train,340
4,train,341
4,train,342
4,train,343
4,train,344
4,train,345
4,train,346
4,train,347
4,train,348
4,train,349
4,train,350
4,train,351
4,train,352
4,train,353
4,train,354
4,train,355
4,train,356
4,train,357
4,train,358
4,train,359
4,train,360
4,train,361
4,train,364
4,train,366
4,train,367
4,train,368
4,train,369
4,train,370
4,train,371
4,train,372
4,train,373
4,train,374
4,train,375
4,train,376
4,train,377
4,train,378
4,train,379
4,train,380
4,train,381
4,train,382
4,train,383
4,train,385
4,train,386
4,train,387
4,train,388
4,train,389
4,train,390
4,train,391
4,train,392
4,train,393
4,train,394
4,train,395
4,train,396
4,train,397
4,train,398
4,train,399
4,train,400
4,train,401
4,train,402
4,train,403
4,train,404
4,train,405
4,train,406
4,train,407
4,train,408
4,train,409
4,train,410
4,train,411
4,train,412
4,train,414
4,train,415
4,train,416
4,train,417
4,train,418
4,train,419
4,train,420
4,train,421
4,train,422
4,train,424
4,train,425
4,train,426
4,train,427
4,train,428
4,train,430
4,train,431
4,train,432
4,train,433
4,train,434
4,train,435
4,train,436
4,train,437
4,train,438
4,train,439
4,train,440
4,train,441
4,train,442
4,train,443
4,train,444
4,train,445
4,train,446
4,train,447
4,train,448
4,train,449
4,train,450
4,train,451
4,train,452
4,train,453
4,train,454
4,train,456
4,train,457
4,train,460
4,train,461
4,train,462
4,train,463
4,train,466
4,train,467
4,train,468
4,train,469
4,train,470
4,train,471
4,train,472
4,train,473
4,train,474
4,train,475
4,train,477
4,train,478
4,train,479
4,train,480
4,train,481
4,train,482
4,train,483
4,train,484
4,train,485
4,train,486
4,train,487
4,train,488
4,train,489
4,train,490
4,train,491
4,train,492
4,train,493
4,train,495
4,train,496
4,train,497
4,train,498
4,train,499
4,train,500
4,train,501
4,train,502
4,train,504
4,train,505
4,train,506
4,train,507
4,train,508
4,train,509
4,train,510
4,train,511
4,train,512
4,train,513
4,train,514
4,train,515
4,train,516
4,train,517
4,train,518
4,train,519
4,train,520
4,train,521
4,train,523
4,train,524
4,train,525
4,train,526
4,train,527
4,train,528
4,train,529
4,train,530
4,train,531
4,train,532
4,train,533
4,train,534
4,train,535
4,train,536
4,train,537
4,train,538
4,train,539
4,train,540
4,train,541
4,train,542
4,train,543
4,train,544
4,train,545
4,train,547
4,train,548
4,train,551
4,train,553
4,train,554
4,train,556
4,train,557
4,train,559
4,train,560
4,train,561
4,train,563
4,train,565
4,train,566
4,test,39
4,test,41
4,test,59
4,test,80
4,test,90
4,test,94
4,test,97
4,test,116
4,test,138
4,test,144
4,test,145
4,test,147
4,test,152
4,test,159
4,test,176
4,test,194
4,test,196
4,test,203
4,test,207
4,test,229
4,test,257
4,test,266
4,test,275
4,test,286
4,test,287
4,test,292
4,test,300
4,test,316
4,test,319
4,test,321
4,test,324
4,test,332
4,test,362
4,test,363
4,test,365
4,test,384
4,test,413
4,test,423
4,test,429
4,test,455
4,test,458
4,test,459
4,test,464
4,test,465
4,test,476
4,test,494
4,test,503
4,test,522
4,test,546
4,test,549
4,test,550
4,test,552
4,test,555
4,test,558
4,test,562
4,test,564
4,test,567
5,train,0
5,train,1
5,train,3
5,train,5
5,train,6
5,train,7
5,train,8
5,train,9
5,train,10
5,train,11
5,train,12
5,train,13
5,train,14
5,train,15
5,train,16
5,train,17
5,train,18
5,train,19
5,train,20
5,train,21
5,train,22
5,train,23
5,train,24
5,train,25
5,train,26
5,train,28
5,train,29
5,train,30
5,train,31
5,train,32
5,train,33
5,train,34
5,train,35
5,train,36
5,train,37
5,train,38
5,train,39
5,train,40
5,train,41
5,train,42
5,train,43
5,train,44
5,train,45
5,train,46
5,train,47
5,train,48
5,train,49
5,train,50
5,train,51
5,train,52
5,train,53
5,train,54
5,train,55
5,train,56
5,train,57
5,train,58
5,train,59
5,train,60
5,train,61
5,train,62
5,train,63
5,train,64
5,train,65
5,train,67
5,train,69
5,train,70
5,train,71
5,train,72
5,train,73
5,train,74
5,train,76
5,train,77
5,train,79
5,train,80
5,train,81
5,train,83
5,train,84
5,train,85
5,train,86
5,train,87
5,train,88
5,train,89
5,train,90
5,train,91
5,train,92
5,train,93
5,train,94
5,train,95
5,train,96
5,train,97
5,train,98
5,train,99
5,train,100
5,train,101
5,train,102
5,train,103
5,train,104
5,train,105
5,train,106
5,train,107
5,train,109
5,train,110
5,train,111
5,train,112
5,train,113
5,train,114
5,train,115
5,train,116
5,train,117
5,train,118
5,train,119
5,train,120
5,train,121
5,train,122
5,train,123
5,train,124
5,train,125
5,train,126
5,train,127
5,train,128
5,train,129
5,train,130
5,train,131
5,train,132
5,train,133
5,train,134
5,train,135
5,train,136
5,train,137
5,train,138
5,train,139
5,train,142
5,train,143
5,train,144
5,train,145
5,train,146
5,train,147
5,train,148
5,train,149
5,train,150
5,train,151
5,train,152
5,train,153
5,train,154
5,train,155
5,train,156
5,train,157
5,train,158
5,train,159
5,train,160
5,train,161
5,train,164
5,train,165
5,train,166
5,train,167
5,train,169
5,train,172
5,train,173
5,train,174
5,train,175
5,train,176
5,train,177
5,train,178
5,train,179
5,train,181
5,train,182
5,train,183
5,train,184
5,train,185
5,train,186
5,train,187
5,train,188
5,train,189
5,train,190
5,train,191
5,train,192
5,train,193
5,train,194
5,train,196
5,train,197
5,train,198
5,train,199
5,train,200
5,train,202
5,train,203
5,train,204
5,train,206
5,train,207
5,train,208
5,train,209
5,train,210
5,train,213
5,train,214
5,train,215
5,train,217
5,train,218
5,train,219
5,train,220
5,train,221
5,train,222
5,train,224
5,train,225
5,train,226
5,train,227
5,train,228
5,train,229
5,train,230
5,train,231
5,train,232
5,train,234
5,train,235
5,train,237
5,train,238
5,train,239
5,train,240
5,train,241
5,train,242
5,train,243
5,train,244
5,train,245
5,train,246
5,train,247
5,train,248
5,train,249
5,train,250
5,train,251
5,train,252
5,train,253
5,train,255
5,train,257
5,train,258
5,train,259
5,train,260
5,train,261
5,train,262
5,train,263
5,train,264
5,train,266
5,train,267
5,train,268
5,train,269
5,train,270
5,train,271
5,train,274
5,train,275
5,train,276
5,train,277
5,train,278
5,train,282
5,train,283
5,train,284
5,train,285
5,train,286
5,train,287
5,train,288
5,train,289
5,train,290
5,train,291
5,train,292
5,train,293
5,train,294
5,train,295
5,train,298
5,train,299
5,train,300
5,train,301
5,train,302
5,train,303
5,train,304
5,train,305
5,train,306
5,train,307
5,train,308
5,train,309
5,train,310
5,train,311
5,train,312
5,train,313
5,train,314
5,train,315
5,train,316
5,train,317
5,train,318
5,train,319
5,train,320
5,train,321
5,train,322
5,train,323
5,train,324
5,train,326
5,train,327
5,train,328
5,train,329
5,train,330
5,train,331
5,train,332
5,train,333
5,train,334
5,train,335
5,train,336
5,train,337
5,train,338
5,train,339
5,train,340
5,train,341
5,train,342
5,train,344
5,train,345
5,train,346
5,train,349
5,train,350
5,train,351
5,train,352
5,train,353
5,train,354
5,train,355
5,train,356
5,train,357
5,train,358
5,train,359
5,train,360
5,train,361
5,train,362
5,train,363
5,train,365
5,train,368
5,train,369
5,train,370
5,train,371
5,train,373
5,train,374
5,train,375
5,train,376
5,train,377
5,train,378
5,train,379
5,train,380
5,train,381
5,train,382
5,train,383
5,train,384
5,train,385
5,train,386
5,train,387
5,train,388
5,train,389
5,train,390
5,train,391
5,train,392
5,train,393
5,train,394
5,train,395
5,train,396
5,train,397
5,train,398
5,train,399
5,train,400
5,train,401
5,train,403
5,train,404
5,train,405
5,train,406
5,train,407
5,train,408
5,train,410
5,train,411
5,train,413
5,train,414
5,train,416
5,train,417
5,train,418
5,train,419
5,train,420
5,train,421
5,train,422
5,train,423
5,train,424
5,train,425
5,train,426
5,train,427
5,train,428
5,train,429
5,train,430
5,train,431
5,train,432
5,train,433
5,train,434
5,train,435
5,train,436
5,train,437
5,train,438
5,train,439
5,train,440
5,train,441
5,train,442
5,train,443
5,train,444
5,train,445
5,train,446
5,train,447
5,train,448
5,train,449
5,train,450
5,train,451
5,train,452
5,train,453
5,train,454
5,train,455
5,train,456
5,train,457
5,train,458
5,train,459
5,train,460
5,train,462
5,train,463
5,train,464
5,train,465
5,train,466
5,train,467
5,train,468
5,train,469
5,train,471
5,train,472
5,train,473
5,train,474
5,train,475
5,train,476
5,train,477
5,train,479
5,train,480
5,train,481
5,train,482
5,train,483
5,train,484
5,train,486
5,train,487
5,train,488
5,train,489
5,train,490
5,train,491
5,train,492
5,train,493
5,train,494
5,train,495
5,train,496
5,train,497
5,train,498
5,train,499
5,train,500
5,train,502
5,train,503
5,train,504
5,train,505
5,train,506
5,train,507
5,train,508
5,train,509
5,train,510
5,train,511
5,train,512
5,train,513
5,train,514
5,train,515
5,train,516
5,train,517
5,train,518
5,train,519
5,train,520
5,train,521
5,train,522
5,train,523
5,train,524
5,train,525
5,train,527
5,train,528
5,train,530
5,train,531
5,train,532
5,train,533
5,train,534
5,train,535
5,train,536
5,train,537
5,train,538
5,train,539
5,train,540
5,train,541
5,train,542
5,train,543
5,train,544
5,train,545
5,train,546
5,train,548
5,train,549
5,train,550
5,train,551
5,train,552
5,train,553
5,train,554
5,train,555
5,train,557
5,train,558
5,train,559
5,train,560
5,train,561
5,train,562
5,train,563
5,train,564
5,train,565
5,train,566
5,train,567
5,test,2
5,test,4
5,test,27
5,test,66
5,test,68
5,test,75
5,test,78
5,test,82
5,test,108
5,test,140
5,test,141
5,test,162
5,test,163
5,test,168
5,test,170
5,test,171
5,test,180
5,test,195
5,test,201
5,test,205
5,test,211
5,test,212
5,test,216
5,test,223
5,test,233
5,test,236
5,test,254
5,test,256
5,test,265
5,test,272
5,test,273
5,test,279
5,test,280
5,test,281
5,test,296
5,test,297
5,test,325
5,test,343
5,test,347
5,test,348
5,test,364
5,test,366
5,test,367
5,test,372
5,test,402
5,test,409
5,test,412
5,test,415
5,test,461
5,test,470
5,test,478
5,test,485
5,test,501
5,test,526
5,test,529
5,test,547
5,test,556
6,train,0
6,train,1
6,train,2
6,train,3
6,train,4
6,train,5
6,train,6
6,train,7
6,train,8
6,train,10
6,train,11
6,train,12
6,train,13
6,train,14
6,train,15
6,train,16
6,train,17
6,train,18
6,train,19
6,train,20
6,train,21
6,train,22
6,train,23
6,train,24
6,train,25
6,train,26
6,train,27
6,train,28
6,train,29
6,train,30
6,train,32
6,train,33
6,train,34
6,train,36
6,train,38
6,train,39
6,train,40
6,train,41
6,train,42
6,train,43
6,train,44
6,train,45
6,train,47
6,train,48
6,train,49
6,train,50
6,train,51
6,train,52
6,train,53
6,train,54
6,train,55
6,train,56
6,train,57
6,train,58
6,train,59
6,train,61
6,train,62
6,train,63
6,train,64
6,train,65
6,train,66
6,train,67
6,train,68
6,train,69
6,train,70
6,train,71
6,train,72
6,train,73
6,train,74
6,train,75
6,train,76
6,train,77
6,train,78
6,train,79
6,train,80
6,train,81
6,train,82
6,train,84
6,train,87
6,train,88
6,train,90
6,train,91
6,train,92
6,train,94
6,train,95
6,train,96
6,train,97
6,train,99
6,train,100
6,train,102
6,train,103
6,train,104
6,train,105
6,train,106
6,train,107
6,train,108
6,train,109
6,train,110
6,train,111
6,train,113
6,train,114
6,train,115
6,train,116
6,train,117
6,train,118
6,train,119
6,train,120
6,train,121
6,train,122
6,train,123
6,train,124
6,train,125
6,train,126
6,train,127
6,train,128
6,train,129
6,train,130
6,train,132
6,train,133
6,train,134
6,train,135
6,train,136
6,train,138
6,train,139
6,train,140
6,train,141
6,train,142
6,train,144
6,train,145
6,train,146
6,train,147
6,train,148
6,train,149
6,train,150
6,train,151
6,train,152
6,train,153
6,train,154
6,train,155
6,train,156
6,train,157
6,train,158
6,train,159
6,train,160
6,train,161
6,train,162
6,train,163
6,train,164
6,train,165
6,train,166
6,train,167
6,train,168
6,train,169
6,train,170
6,train,171
6,train,172
6,train,173
6,train,174
6,train,175
6,train,176
6,train,177
6,train,178
6,train,180
6,train,181
6,train,183
6,train,184
6,train,185
6,train,186
6,train,187
6,train,188
6,train,189
6,train,190
6,train,191
6,train,193
6,train,194
6,train,195
6,train,196
6,train,197
6,train,199
6,train,200
6,train,201
6,train,202
6,train,203
6,train,204
6,train,205
6,train,206
6,train,207
6,train,208
6,train,209
6,train,210
6,train,211
6,train,212
6,train,214
6,train,216
6,train,218
6,train,219
6,train,220
6,train,222
6,train,223
6,train,224
6,train,225
6,train,227
6,train,228
6,train,229
6,train,230
6,train,232
6,train,233
6,train,234
6,train,235
6,train,236
6,train,237
6,train,238
6,train,239
6,train,240
6,train,241
6,train,242
6,train,243
6,train,244
6,train,245
6,train,246
6,train,247
6,train,248
6,train,249
6,train,250
6,train,251
6,train,253
6,train,254
6,train,255
6,train,256
6,train,257
6,train,258
6,train,259
6,train,261
6,train,262
6,train,263
6,train,264
6,train,265
6,train,266
6,train,267
6,train,268
6,train,270
6,train,271
6,train,272
6,train,273
6,train,274
6,train,275
6,train,276
6,train,277
6,train,278
6,train,279
6,train,280
6,train,281
6,train,282
6,train,283
6,train,284
6,train,285
6,train,286
6,train,287
6,train,288
6,train,289
6,train,290
6,train,291
6,train,292
6,train,293
6,train,294
6,train,295
6,train,296
6,train,297
6,train,298
6,train,299
6,train,300
6,train,301
6,train,303
6,train,304
6,train,305
6,train,306
6,train,307
6,train,308
6,train,309
6,train,310
6,train,311
6,train,312
6,train,313
6,train,314
6,train,315
6,train,316
6,train,317
6,train,318
6,train,319
6,train,320
6,train,321
6,train,322
6,train,323
6,train,324
6,train,325
6,train,326
6,train,327
6,train,328
6,train,330
6,train,331
6,train,332
6,train,333
6,train,334
6,train,335
6,train,336
6,train,337
6,train,339
6,train,340
6,train,341
6,train,342
6,train,343
6,train,344
6,train,345
6,train,347
6,train,348
6,train,349
6,train,350
6,train,351
6,train,352
6,train,353
6,train,354
6,train,355
6,train,356
6,train,357
6,train,358
6,train,359
6,train,360
6,train,361
6,train,362
6,train,363
6,train,364
6,train,365
6,train,366
6,train,367
6,train,369
6,train,370
6,train,371
6,train,372
6,train,374
6,train,375
6,train,376
6,train,378
6,train,379
6,train,380
6,train,381
6,train,382
6,train,383
6,train,384
6,train,385
6,train,386
6,train,387
6,train,388
6,train,389
6,train,390
6,train,392
6,train,394
6,train,395
6,train,396
6,train,398
6,train,399
6,train,400
6,train,401
6,train,402
6,train,403
6,train,405
6,train,406
6,train,407
6,train,408
6,train,409
6,train,410
6,train,412
6,train,413
6,train,414
6,train,415
6,train,416
6,train,418
6,train,419
6,train,421
6,train,422
6,train,423
6,train,424
6,train,426
6,train,427
6,train,428
6,train,429
6,train,430
6,train,432
6,train,433
6,train,434
6,train,435
6,train,436
6,train,437
6,train,438
6,train,439
6,train,440
6,train,441
6,train,442
6,train,443
6,train,445
6,train,446
6,train,447
6,train,448
6,train,449
6,train,450
6,train,451
6,train,452
6,train,453
6,train,454
6,train,455
6,train,456
6,train,457
6,train,458
6,train,459
6,train,460
6,train,461
6,train,462
6,train,463
6,train,464
6,train,465
6,train,466
6,train,467
6,train,468
6,train,469
6,train,470
6,train,471
6,train,472
6,train,473
6,train,474
6,train,475
6,train,476
6,train,477
6,train,478
6,train,479
6,train,480
6,train,481
6,train,482
6,train,483
6,train,484
6,train,485
6,train,486
6,train,487
6,train,488
6,train,489
6,train,490
6,train,492
6,train,493
6,train,494
6,train,495
6,train,496
6,train,497
6,train,498
6,train,499
6,train,500
6,train,501
6,train,502
6,train,503
6,train,504
6,train,505
6,train,506
6,train,507
6,train,508
6,train,509
6,train,510
6,train,511
6,train,512
6,train,513
6,train,514
6,train,515
6,train,516
6,train,517
6,train,518
6,train,520
6,train,521
6,train,522
6,train,523
6,train,525
6,train,526
6,train,527
6,train,528
6,train,529
6,train,530
6,train,531
6,train,532
6,train,533
6,train,534
6,train,536
6,train,537
6,train,538
6,train,541
6,train,542
6,train,544
6,train,546
6,train,547
6,train,549
6,train,550
6,train,551
6,train,552
6,train,553
6,train,554
6,train,555
6,train,556
6,train,557
6,train,558
6,train,559
6,train,560
6,train,561
6,train,562
6,train,563
6,train,564
6,train,565
6,train,567
6,test,9
6,test,31
6,test,35
6,test,37
6,test,46
6,test,60
6,test,83
6,test,85
6,test,86
6,test,89
6,test,93
6,test,98
6,test,101
6,test,112
6,test,131
6,test,137
6,test,143
6,test,179
6,test,182
6,test,192
6,test,198
6,test,213
6,test,215
6,test,217
6,test,221
6,test,226
6,test,231
6,test,252
6,test,260
6,test,269
6,test,302
6,test,329
6,test,338
6,test,346
6,test,368
6,test,373
6,test,377
6,test,391
6,test,393
6,test,397
6,test,404
6,test,411
6,test,417
6,test,420
6,test,425
6,test,431
6,test,444
6,test,491
6,test,519
6,test,524
6,test,535
6,test,539
6,test,540
6,test,543
6,test,545
6,test,548
6,test,566
7,train,0
7,train,1
7,train,2
7,train,3
7,train,4
7,train,5
7,train,6
7,train,7
7,train,8
7,train,9
7,train,10
7,train,11
7,train,13
7,train,14
7,train,15
7,train,16
7,train,17
7,train,19
7,train,20
7,train,21
7,train,22
7,train,23
7,train,24
7,train,25
7,train,26
7,train,27
7,train,28
7,train,30
7,train,31
7,train,32
7,train,33
7,train,34
7,train,35
7,train,37
7,train,38
7,train,39
7,train,40
7,train,41
7,train,42
7,train,43
7,train,44
7,train,45
7,train,46
7,train,47
7,train,48
7,train,49
7,train,50
7,train,51
7,train,52
7,train,53
7,train,54
7,train,55
7,train,56
7,train,57
7,train,58
7,train,59
7,train,60
7,train,61
7,train,62
7,train,63
7,train,64
7,train,65
7,train,66
7,train,67
7,train,68
7,train,69
7,train,70
7,train,71
7,train,72
7,train,73
7,train,74
7,train,75
7,train,76
7,train,77
7,train,78
7,train,79
7,train,80
7,train,81
7,train,82
7,train,83
7,train,84
7,train,85
7,train,86
7,train,87
7,train,88
7,train,89
7,train,90
7,train,91
7,train,93
7,train,94
7,train,96
7,train,97
7,train,98
7,train,99
7,train,100
7,train,101
7,train,102
7,train,103
7,train,104
7,train,105
7,train,106
7,train,107
7,train,108
7,train,109
7,train,110
7,train,112
7,train,113
7,train,114
7,train,115
7,train,116
7,train,117
7,train,119
7,train,120
7,train,121
7,train,122
7,train,123
7,train,124
7,train,126
7,train,127
7,train,128
7,train,129
7,train,130
7,train,131
7,train,135
7,train,136
7,train,137
7,train,138
7,train,139
7,train,140
7,train,141
7,train,143
7,train,144
7,train,145
7,train,146
7,train,147
7,train,148
7,train,149
7,train,151
7,train,152
7,train,154
7,train,155
7,train,156
7,train,158
7,train,159
7,train,160
7,train,161
7,train,162
7,train,163
7,train,164
7,train,165
7,train,166
7,train,167
7,train,168
7,train,170
7,train,171
7,train,173
7,train,174
7,train,175
7,train,176
7,train,179
7,train,180
7,train,182
7,train,183
7,train,184
7,train,185
7,train,186
7,train,187
7,train,189
7,train,190
7,train,191
7,train,192
7,train,193
7,train,194
7,train,195
7,train,196
7,train,197
7,train,198
7,train,200
7,train,201
7,train,202
7,train,203
7,train,204
7,train,205
7,train,206
7,train,207
7,train,208
7,train,209
7,train,210
7,train,211
7,train,212
7,train,213
7,train,214
7,train,215
7,train,216
7,train,217
7,train,218
7,train,219
7,train,220
7,train,221
7,train,223
7,train,224
7,train,225
7,train,226
7,train,227
7,train,228
7,train,229
7,train,231
7,train,233
7,train,234
7,train,235
7,train,236
7,train,238
7,train,239
7,train,240
7,train,241
7,train,242
7,train,243
7,train,244
7,train,246
7,train,247
7,train,248
7,train,249
7,train,250
7,train,251
7,train,252
7,train,253
7,train,254
7,train,255
7,train,256
7,train,257
7,train,258
7,train,260
7,train,261
7,train,262
7,train,263
7,train,265
7,train,266
7,train,267
7,train,268
7,train,269
7,train,270
7,train,271
7,train,272
7,train,273
7,train,274
7,train,275
7,train,276
7,train,277
7,train,278
7,train,279
7,train,280
7,train,281
7,train,282
7,train,283
7,train,284
7,train,285
7,train,286
7,train,287
7,train,288
7,train,289
7,train,291
7,train,292
7,train,293
7,train,294
7,train,296
7,train,297
7,train,298
7,train,299
7,train,300
7,train,301
7,train,302
7,train,303
7,train,305
7,train,307
7,train,308
7,train,309
7,train,310
7,train,312
7,train,313
7,train,314
7,train,315
7,train,316
7,train,317
7,train,319
7,train,320
7,train,321
7,train,322
7,train,323
7,train,324
7,train,325
7,train,327
7,train,329
7,train,330
7,train,332
7,train,334
7,train,335
7,train,336
7,train,337
7,train,338
7,train,340
7,train,341
7,train,342
7,train,343
7,train,344
7,train,345
7,train,346
7,train,347
7,train,348
7,train,349
7,train,350
7,train,352
7,train,353
7,train,354
7,train,355
7,train,356
7,train,357
7,train,358
7,train,359
7,train,360
7,train,361
7,train,362
7,train,363
7,train,364
7,train,365
7,train,366
7,train,367
7,train,368
7,train,369
7,train,370
7,train,371
7,train,372
7,train,373
7,train,374
7,train,375
7,train,376
7,train,377
7,train,378
7,train,379
7,train,380
7,train,381
7,train,382
7,train,383
7,train,384
7,train,385
7,train,386
7,train,387
7,train,388
7,train,389
7,train,390
7,train,391
7,train,392
7,train,393
7,train,394
7,train,395
7,train,396
7,train,397
7,train,398
7,train,399
7,train,400
7,train,401
7,train,402
7,train,403
7,train,404
7,train,406
7,train,407
7,train,408
7,train,409
7,train,410
7,train,411
7,train,412
7,train,413
7,train,414
7,train,415
7,train,416
7,train,417
7,train,418
7,train,419
7,train,420
7,train,421
7,train,422
7,train,423
7,train,424
7,train,425
7,train,426
7,train,427
7,train,428
7,train,429
7,train,430
7,train,431
7,train,432
7,train,433
7,train,434
7,train,435
7,train,436
7,train,437
7,train,438
7,train,439
7,train,440
7,train,441
7,train,442
7,train,443
7,train,444
7,train,445
7,train,446
7,train,448
7,train,449
7,train,451
7,train,453
7,train,454
7,train,455
7,train,457
7,train,458
7,train,459
7,train,460
7,train,461
7,train,462
7,train,463
7,train,464
7,train,465
7,train,466
7,train,467
7,train,468
7,train,469
7,train,470
7,train,471
7,train,472
7,train,473
7,train,474
7,train,475
7,train,476
7,train,477
7,train,478
7,train,479
7,train,481
7,train,482
7,train,483
7,train,484
7,train,485
7,train,486
7,train,487
7,train,488
7,train,489
7,train,490
7,train,491
7,train,492
7,train,493
7,train,494
7,train,495
7,train,496
7,train,498
7,train,499
7,train,500
7,train,501
7,train,503
7,train,504
7,train,505
7,train,507
7,train,508
7,train,509
7,train,510
7,train,511
7,train,512
7,train,514
7,train,515
7,train,517
7,train,518
7,train,519
7,train,520
7,train,521
7,train,522
7,train,523
7,train,524
7,train,525
7,train,526
7,train,528
7,train,529
7,train,530
7,train,531
7,train,532
7,train,533
7,train,534
7,train,535
7,train,536
7,train,537
7,train,538
7,train,539
7,train,540
7,train,542
7,train,543
7,train,545
7,train,546
7,train,547
7,train,548
7,train,549
7,train,550
7,train,551
7,train,552
7,train,553
7,train,554
7,train,555
7,train,556
7,train,557
7,train,558
7,train,559
7,train,560
7,train,562
7,train,563
7,train,564
7,train,565
7,train,566
7,train,567
7,test,12
7,test,18
7,test,29
7,test,36
7,test,92
7,test,95
7,test,111
7,test,118
7,test,125
7,test,132
7,test,133
7,test,134
7,test,142
7,test,150
7,test,153
7,test,157
7,test,169
7,test,172
7,test,177
7,test,178
7,test,181
7,test,188
7,test,199
7,test,222
7,test,230
7,test,232
7,test,237
7,test,245
7,test,259
7,test,264
7,test,290
7,test,295
7,test,304
7,test,306
7,test,311
7,test,318
7,test,326
7,test,328
7,test,331
7,test,333
7,test,339
7,test,351
7,test,405
7,test,447
7,test,450
7,test,452
7,test,456
7,test,480
7,test,497
7,test,502
7,test,506
7,test,513
7,test,516
7,test,527
7,test,541
7,test,544
7,test,561
8,train,0
8,train,2
8,train,3
8,train,4
8,train,5
8,train,7
8,train,9
8,train,11
8,train,12
8,train,13
8,train,14
8,train,15
8,train,16
8,train,17
8,train,18
8,train,19
8,train,20
8,train,22
8,train,23
8,train,24
8,train,25
8,train,26
8,train,27
8,train,28
8,train,29
8,train,30
8,train,31
8,train,32
8,train,33
8,train,34
8,train,35
8,train,36
8,train,37
8,train,38
8,train,39
8,train,40
8,train,41
8,train,42
8,train,44
8,train,45
8,train,46
8,train,47
8,train,48
8,train,50
8,train,51
8,train,52
8,train,53
8,train,54
8,train,55
8,train,56
8,train,57
8,train,58
8,train,59
8,train,60
8,train,61
8,train,62
8,train,64
8,train,65
8,train,66
8,train,67
8,train,68
8,train,69
8,train,71
8,train,72
8,train,73
8,train,74
8,train,75
8,train,76
8,train,77
8,train,78
8,train,79
8,train,80
8,train,81
8,train,82
8,train,83
8,train,84
8,train,85
8,train,86
8,train,87
8,train,88
8,train,89
8,train,90
8,train,92
8,train,93
8,train,94
8,train,95
8,train,96
8,train,97
8,train,98
8,train,99
8,train,100
8,train,101
8,train,102
8,train,103
8,train,104
8,train,105
8,train,106
8,train,107
8,train,108
8,train,110
8,train,111
8,train,112
8,train,114
8,train,116
8,train,117
8,train,118
8,train,119
8,train,120
8,train,121
8,train,122
8,train,123
8,train,124
8,train,125
8,train,126
8,train,127
8,train,128
8,train,129
8,train,130
8,train,131
8,train,132
8,train,133
8,train,134
8,train,135
8,train,136
8,train,137
8,train,138
8,train,140
8,train,141
8,train,142
8,train,143
8,train,144
8,train,145
8,train,146
8,train,147
8,train,149
8,train,150
8,train,151
8,train,152
8,train,153
8,train,154
8,train,155
8,train,156
8,train,157
8,train,158
8,train,159
8,train,160
8,train,162
8,train,163
8,train,165
8,train,166
8,train,167
8,train,168
8,train,169
8,train,170
8,train,171
8,train,172
8,train,173
8,train,174
8,train,175
8,train,176
8,train,177
8,train,178
8,train,179
8,train,180
8,train,181
8,train,182
8,train,183
8,train,184
8,train,185
8,train,186
8,train,187
8,train,188
8,train,189
8,train,190
8,train,191
8,train,192
8,train,194
8,train,195
8,train,196
8,train,197
8,train,198
8,train,199
8,train,201
8,train,202
8,train,203
8,train,204
8,train,205
8,train,206
8,train,207
8,train,210
8,train,211
8,train,212
8,train,213
8,train,214
8,train,215
8,train,216
8,train,217
8,train,218
8,train,219
8,train,220
8,train,221
8,train,222
8,train,223
8,train,224
8,train,225
8,train,226
8,train,227
8,train,228
8,train,229
8,train,230
8,train,231
8,train,232
8,train,233
8,train,234
8,train,236
8,train,237
8,train,238
8,train,240
8,train,241
8,train,242
8,train,243
8,train,244
8,train,245
8,train,246
8,train,247
8,train,248
8,train,249
8,train,251
8,train,252
8,train,253
8,train,254
8,train,255
8,train,256
8,train,257
8,train,258
8,train,259
8,train,260
8,train,261
8,train,262
8,train,264
8,train,265
8,train,266
8,train,267
8,train,268
8,train,269
8,train,271
8,train,272
8,train,273
8,train,274
8,train,275
8,train,276
8,train,277
8,train,278
8,train,279
8,train,280
8,train,281
8,train,283
8,train,284
8,train,285
8,train,286
8,train,287
8,train,290
8,train,292
8,train,293
8,train,294
8,train,295
8,train,296
8,train,297
8,train,298
8,train,299
8,train,300
8,train,301
8,train,302
8,train,303
8,train,304
8,train,306
8,train,307
8,train,308
8,train,310
8,train,311
8,train,312
8,train,313
8,train,314
8,train,315
8,train,316
8,train,318
8,train,319
8,train,320
8,train,321
8,train,322
8,train,323
8,train,324
8,train,325
8,train,326
8,train,327
8,train,328
8,train,329
8,train,330
8,train,331
8,train,332
8,train,333
8,train,334
8,train,335
8,train,336
8,train,337
8,train,338
8,train,339
8,train,340
8,train,341
8,train,342
8,train,343
8,train,345
8,train,346
8,train,347
8,train,348
8,train,349
8,train,350
8,train,351
8,train,352
8,train,353
8,train,354
8,train,357
8,train,358
8,train,359
8,train,360
8,train,361
8,train,362
8,train,363
8,train,364
8,train,365
8,train,366
8,train,367
8,train,368
8,train,369
8,train,370
8,train,371
8,train,372
8,train,373
8,train,374
8,train,375
8,train,376
8,train,377
8,train,379
8,train,380
8,train,381
8,train,382
8,train,383
8,train,384
8,train,385
8,train,386
8,train,387
8,train,388
8,train,389
8,train,390
8,train,391
8,train,392
8,train,393
8,train,394
8,train,395
8,train,396
8,train,397
8,train,398
8,train,399
8,train,400
8,train,401
8,train,402
8,train,404
8,train,405
8,train,406
8,train,407
8,train,409
8,train,410
8,train,411
8,train,412
8,train,413
8,train,414
8,train,415
8,train,416
8,train,417
8,train,418
8,train,419
8,train,420
8,train,421
8,train,422
8,train,423
8,train,424
8,train,425
8,train,426
8,train,428
8,train,429
8,train,430
8,train,431
8,train,432
8,train,433
8,train,436
8,train,437
8,train,438
8,train,439
8,train,440
8,train,441
8,train,442
8,train,444
8,train,446
8,train,447
8,train,448
8,train,450
8,train,452
8,train,453
8,train,454
8,train,455
8,train,456
8,train,457
8,train,458
8,train,459
8,train,460
8,train,461
8,train,462
8,train,463
8,train,464
8,train,465
8,train,466
8,train,467
8,train,468
8,train,470
8,train,471
8,train,472
8,train,473
8,train,474
8,train,475
8,train,476
8,train,477
8,train,478
8,train,479
8,train,480
8,train,481
8,train,483
8,train,484
8,train,485
8,train,486
8,train,487
8,train,488
8,train,489
8,train,491
8,train,492
8,train,493
8,train,494
8,train,495
8,train,496
8,train,497
8,train,498
8,train,499
8,train,500
8,train,501
8,train,502
8,train,503
8,train,505
8,train,506
8,train,507
8,train,508
8,train,509
8,train,510
8,train,513
8,train,514
8,train,515
8,train,516
8,train,517
8,train,519
8,train,520
8,train,521
8,train,522
8,train,523
8,train,524
8,train,525
8,train,526
8,train,527
8,train,528
8,train,529
8,train,530
8,train,531
8,train,532
8,train,533
8,train,534
8,train,535
8,train,537
8,train,539
8,train,540
8,train,541
8,train,542
8,train,543
8,train,544
8,train,545
8,train,546
8,train,547
8,train,548
8,train,549
8,train,550
8,train,552
8,train,553
8,train,555
8,train,556
8,train,557
8,train,558
8,train,559
8,train,560
8,train,561
8,train,562
8,train,563
8,train,564
8,train,565
8,train,566
8,train,567
8,test,1
8,test,6
8,test,8
8,test,10
8,test,21
8,test,43
8,test,49
8,test,63
8,test,70
8,test,91
8,test,109
8,test,113
8,test,115
8,test,139
8,test,148
8,test,161
8,test,164
8,test,193
8,test,200
8,test,208
8,test,209
8,test,235
8,test,239
8,test,250
8,test,263
8,test,270
8,test,282
8,test,288
8,test,289
8,test,291
8,test,305
8,test,309
8,test,317
8,test,344
8,test,355
8,test,356
8,test,378
8,test,403
8,test,408
8,test,427
8,test,434
8,test,435
8,test,443
8,test,445
8,test,449
8,test,451
8,test,469
8,test,482
8,test,490
8,test,504
8,test,511
8,test,512
8,test,518
8,test,536
8,test,538
8,test,551
8,test,554
9,train,0
9,train,1
9,train,2
9,train,3
9,train,4
9,train,6
9,train,7
9,train,8
9,train,9
9,train,10
9,train,11
9,train,12
9,train,14
9,train,15
9,train,16
9,train,17
9,train,18
9,train,19
9,train,20
9,train,21
9,train,22
9,train,25
9,train,26
9,train,27
9,train,28
9,train,29
9,train,30
9,train,31
9,train,33
9,train,35
9,train,36
9,train,37
9,train,38
9,train,39
9,train,40
9,train,41
9,train,42
9,train,43
9,train,44
9,train,46
9,train,48
9,train,49
9,train,50
9,train,51
9,train,52
9,train,53
9,train,54
9,train,55
9,train,56
9,train,57
9,train,59
9,train,60
9,train,61
9,train,62
9,train,63
9,train,64
9,train,65
9,train,66
9,train,67
9,train,68
9,train,70
9,train,71
9,train,72
9,train,73
9,train,74
9,train,75
9,train,76
9,train,77
9,train,78
9,train,79
9,train,80
9,train,81
9,train,82
9,train,83
9,train,84
9,train,85
9,train,86
9,train,87
9,train,88
9,train,89
9,train,90
9,train,91
9,train,92
9,train,93
9,train,94
9,train,95
9,train,96
9,train,97
9,train,98
9,train,99
9,train,100
9,train,101
9,train,102
9,train,104
9,train,106
9,train,107
9,train,108
9,train,109
9,train,110
9,train,111
9,train,112
9,train,113
9,train,114
9,train,115
9,train,116
9,train,117
9,train,118
9,train,119
9,train,120
9,train,121
9,train,122
9,train,123
9,train,124
9,train,125
9,train,126
9,train,127
9,train,128
9,train,129
9,train,130
9,train,131
9,train,132
9,train,133
9,train,134
9,train,135
9,train,136
9,train,137
9,train,138
9,train,139
9,train,140
9,train,141
9,train,142
9,train,143
9,train,144
9,train,145
9,train,146
9,train,147
9,train,148
9,train,149
9,train,150
9,train,152
9,train,153
9,train,154
9,train,155
9,train,156
9,train,157
9,train,158
9,train,159
9,train,160
9,train,161
9,train,162
9,train,163
9,train,164
9,train,166
9,train,167
9,train,168
9,train,169
9,train,170
9,train,171
9,train,172
9,train,174
9,train,175
9,train,176
9,train,177
9,train,178
9,train,179
9,train,180
9,train,181
9,train,182
9,train,183
9,train,184
9,train,185
9,train,186
9,train,187
9,train,188
9,train,189
9,train,190
9,train,191
9,train,192
9,train,193
9,train,194
9,train,195
9,train,196
9,train,198
9,train,199
9,train,200
9,train,201
9,train,202
9,train,203
9,train,204
9,train,205
9,train,206
9,train,207
9,train,208
9,train,209
9,train,211
9,train,212
9,train,213
9,train,214
9,train,215
9,train,216
9,train,217
9,train,219
9,train,221
9,train,222
9,train,223
9,train,224
9,train,225
9,train,226
9,train,227
9,train,228
9,train,229
9,train,230
9,train,231
9,train,232
9,train,233
9,train,234
9,train,235
9,train,236
9,train,237
9,train,238
9,train,239
9,train,241
9,train,242
9,train,243
9,train,244
9,train,245
9,train,246
9,train,247
9,train,248
9,train,249
9,train,250
9,train,251
9,train,252
9,train,253
9,train,254
9,train,255
9,train,256
9,train,257
9,train,258
9,train,259
9,train,260
9,train,261
9,train,263
9,train,264
9,train,265
9,train,266
9,train,267
9,train,268
9,train,269
9,train,270
9,train,271
9,train,272
9,train,273
9,train,274
9,train,275
9,train,276
9,train,277
9,train,279
9,train,280
9,train,281
9,train,282
9,train,283
9,train,284
9,train,286
9,train,287
9,train,288
9,train,289
9,train,290
9,train,291
9,train,292
9,train,293
9,train,294
9,train,295
9,train,296
9,train,297
9,train,299
9,train,300
9,train,302
9,train,304
9,train,305
9,train,306
9,train,307
9,train,308
9,train,309
9,train,310
9,train,311
9,train,312
9,train,313
9,train,315
9,train,316
9,train,317
9,train,318
9,train,319
9,train,321
9,train,322
9,train,323
9,train,324
9,train,325
9,train,326
9,train,327
9,train,328
9,train,329
9,train,330
9,train,331
9,train,332
9,train,333
9,train,336
9,train,337
9,train,338
9,train,339
9,train,340
9,train,343
9,train,344
9,train,345
9,train,346
9,train,347
9,train,348
9,train,349
9,train,350
9,train,351
9,train,353
9,train,354
9,train,355
9,train,356
9,train,358
9,train,359
9,train,360
9,train,361
9,train,362
9,train,363
9,train,364
9,train,365
9,train,366
9,train,367
9,train,368
9,train,369
9,train,370
9,train,371
9,train,372
9,train,373
9,train,374
9,train,375
9,train,377
9,train,378
9,train,379
9,train,380
9,train,381
9,train,383
9,train,384
9,train,385
9,train,387
9,train,388
9,train,390
9,train,391
9,train,392
9,train,393
9,train,394
9,train,396
9,train,397
9,train,398
9,train,399
9,train,400
9,train,401
9,train,402
9,train,403
9,train,404
9,train,405
9,train,406
9,train,408
9,train,409
9,train,410
9,train,411
9,train,412
9,train,413
9,train,414
9,train,415
9,train,416
9,train,417
9,train,418
9,train,419
9,train,420
9,train,421
9,train,423
9,train,425
9,train,426
9,train,427
9,train,428
9,train,429
9,train,430
9,train,431
9,train,432
9,train,433
9,train,434
9,train,435
9,train,436
9,train,437
9,train,438
9,train,439
9,train,440
9,train,442
9,train,443
9,train,444
9,train,445
9,train,446
9,train,447
9,train,448
9,train,449
9,train,450
9,train,451
9,train,452
9,train,455
9,train,456
9,train,458
9,train,459
9,train,460
9,train,461
9,train,462
9,train,464
9,train,465
9,train,466
9,train,467
9,train,468
9,train,469
9,train,470
9,train,471
9,train,472
9,train,473
9,train,474
9,train,475
9,train,476
9,train,477
9,train,478
9,train,479
9,train,480
9,train,481
9,train,482
9,train,483
9,train,484
9,train,485
9,train,488
9,train,489
9,train,490
9,train,491
9,train,492
9,train,493
9,train,494
9,train,495
9,train,496
9,train,497
9,train,498
9,train,500
9,train,501
9,train,502
9,train,503
9,train,504
9,train,506
9,train,507
9,train,508
9,train,510
9,train,511
9,train,512
9,train,513
9,train,514
9,train,516
9,train,517
9,train,518
9,train,519
9,train,521
9,train,522
9,train,523
9,train,524
9,train,525
9,train,526
9,train,527
9,train,529
9,train,530
9,train,531
9,train,532
9,train,533
9,train,534
9,train,535
9,train,536
9,train,537
9,train,538
9,train,539
9,train,540
9,train,541
9,train,542
9,train,543
9,train,544
9,train,545
9,train,546
9,train,547
9,train,548
9,train,549
9,train,550
9,train,551
9,train,552
9,train,554
9,train,555
9,train,556
9,train,557
9,train,558
9,train,559
9,train,560
9,train,561
9,train,562
9,train,563
9,train,564
9,train,565
9,train,566
9,train,567
9,test,5
9,test,13
9,test,23
9,test,24
9,test,32
9,test,34
9,test,45
9,test,47
9,test,58
9,test,69
9,test,103
9,test,105
9,test,151
9,test,165
9,test,173
9,test,197
9,test,210
9,test,218
9,test,220
9,test,240
9,test,262
9,test,278
9,test,285
9,test,298
9,test,301
9,test,303
9,test,314
9,test,320
9,test,334
9,test,335
9,test,341
9,test,342
9,test,352
9,test,357
9,test,376
9,test,382
9,test,386
9,test,389
9,test,395
9,test,407
9,test,422
9,test,424
9,test,441
9,test,453
9,test,454
9,test,457
9,test,463
9,test,486
9,test,487
9,test,499
9,test,505
9,test,509
9,test,515
9,test,520
9,test,528
9,test,553
10,train,0
10,train,1
10,train,2
10,train,3
10,train,4
10,train,5
10,train,6
10,train,7
10,train,8
10,train,9
10,train,10
10,train,12
10,train,13
10,train,14
10,train,15
10,train,18
10,train,20
10,train,21
10,train,22
10,train,23
10,train,24
10,train,26
10,train,27
10,train,28
10,train,29
10,train,31
10,train,32
10,train,33
10,train,34
10,train,35
10,train,36
10,train,37
10,train,39
10,train,40
10,train,41
10,train,42
10,train,43
10,train,45
10,train,46
10,train,47
10,train,49
10,train,50
10,train,52
10,train,54
10,train,55
10,train,56
10,train,57
10,train,58
10,train,59
10,train,60
10,train,61
10,train,62
10,train,63
10,train,64
10,train,65
10,train,66
10,train,67
10,train,68
10,train,69
10,train,70
10,train,71
10,train,73
10,train,74
10,train,75
10,train,76
10,train,77
10,train,78
10,train,79
10,train,80
10,train,81
10,train,82
10,train,83
10,train,85
10,train,86
10,train,87
10,train,88
10,train,89
10,train,90
10,train,91
10,train,92
10,train,93
10,train,94
10,train,95
10,train,96
10,train,97
10,train,98
10,train,99
10,train,100
10,train,101
10,train,103
10,train,105
10,train,107
10,train,108
10,train,109
10,train,110
10,train,111
10,train,112
10,train,113
10,train,114
10,train,115
10,train,116
10,train,117
10,train,118
10,train,119
10,train,120
10,train,121
10,train,122
10,train,123
10,train,124
10,train,125
10,train,126
10,train,127
10,train,129
10,train,130
10,train,131
10,train,132
10,train,133
10,train,134
10,train,135
10,train,136
10,train,137
10,train,138
10,train,139
10,train,140
10,train,141
10,train,142
10,train,143
10,train,144
10,train,145
10,train,146
10,train,147
10,train,148
10,train,149
10,train,150
10,train,151
10,train,152
10,train,153
10,train,155
10,train,156
10,train,157
10,train,158
10,train,159
10,train,161
10,train,162
10,train,163
10,train,164
10,train,165
10,train,166
10,train,167
10,train,168
10,train,169
10,train,170
10,train,171
10,train,172
10,train,173
10,train,176
10,train,177
10,train,178
10,train,179
10,train,180
10,train,181
10,train,182
10,train,183
10,train,186
10,train,187
10,train,188
10,train,189
10,train,191
10,train,192
10,train,193
10,train,194
10,train,195
10,train,196
10,train,197
10,train,198
10,train,199
10,train,200
10,train,201
10,train,202
10,train,203
10,train,205
10,train,206
10,train,207
10,train,208
10,train,209
10,train,210
10,train,211
10,train,212
10,train,213
10,train,214
10,train,215
10,train,216
10,train,217
10,train,218
10,train,219
10,train,220
10,train,221
10,train,222
10,train,223
10,train,224
10,train,225
10,train,226
10,train,227
10,train,229
10,train,230
10,train,231
10,train,232
10,train,233
10,train,235
10,train,236
10,train,237
10,train,238
10,train,239
10,train,240
10,train,242
10,train,243
10,train,244
10,train,245
10,train,246
10,train,247
10,train,248
10,train,250
10,train,251
10,train,252
10,train,253
10,train,254
10,train,255
10,train,256
10,train,257
10,train,259
10,train,260
10,train,261
10,train,262
10,train,263
10,train,264
10,train,265
10,train,266
10,train,267
10,train,269
10,train,270
10,train,271
10,train,272
10,train,273
10,train,274
10,train,275
10,train,276
10,train,277
10,train,278
10,train,279
10,train,280
10,train,281
10,train,282
10,train,283
10,train,284
10,train,285
10,train,286
10,train,287
10,train,288
10,train,289
10,train,290
10,train,291
10,train,292
10,train,293
10,train,294
10,train,295
10,train,296
10,train,297
10,train,298
10,train,299
10,train,300
10,train,301
10,train,302
10,train,303
10,train,304
10,train,305
10,train,306
10,train,307
10,train,308
10,train,309
10,train,310
10,train,311
10,train,312
10,train,314
10,train,315
10,train,316
10,train,317
10,train,318
10,train,319
10,train,320
10,train,321
10,train,322
10,train,323
10,train,324
10,train,325
10,train,326
10,train,327
10,train,328
10,train,329
10,train,330
10,train,331
10,train,332
10,train,333
10,train,334
10,train,335
10,train,336
10,train,337
10,train,338
10,train,339
10,train,340
10,train,341
10,train,342
10,train,343
10,train,344
10,train,346
10,train,347
10,train,348
10,train,349
10,train,351
10,train,352
10,train,353
10,train,355
10,train,356
10,train,357
10,train,358
10,train,359
10,train,360
10,train,362
10,train,363
10,train,364
10,train,365
10,train,366
10,train,367
10,train,368
10,train,369
10,train,370
10,train,371
10,train,372
10,train,373
10,train,374
10,train,375
10,train,376
10,train,377
10,train,378
10,train,379
10,train,380
10,train,381
10,train,382
10,train,383
10,train,384
10,train,385
10,train,386
10,train,388
10,train,389
10,train,390
10,train,391
10,train,393
10,train,394
10,train,395
10,train,396
10,train,397
10,train,398
10,train,400
10,train,401
10,train,402
10,train,403
10,train,404
10,train,405
10,train,407
10,train,408
10,train,409
10,train,410
10,train,411
10,train,412
10,train,413
10,train,414
10,train,415
10,train,417
10,train,418
10,train,419
10,train,420
10,train,421
10,train,422
10,train,423
10,train,424
10,train,425
10,train,427
10,train,428
10,train,429
10,train,430
10,train,431
10,train,432
10,train,433
10,train,434
10,train,435
10,train,436
10,train,437
10,train,439
10,train,440
10,train,441
10,train,443
10,train,444
10,train,445
10,train,446
10,train,447
10,train,449
10,train,450
10,train,451
10,train,452
10,train,453
10,train,454
10,train,455
10,train,456
10,train,457
10,train,458
10,train,459
10,train,460
10,train,461
10,train,462
10,train,463
10,train,464
10,train,465
10,train,466
10,train,467
10,train,468
10,train,469
10,train,470
10,train,472
10,train,473
10,train,474
10,train,476
10,train,477
10,train,478
10,train,479
10,train,480
10,train,481
10,train,482
10,train,485
10,train,486
10,train,487
10,train,489
10,train,490
10,train,491
10,train,492
10,train,493
10,train,494
10,train,495
10,train,496
10,train,497
10,train,498
10,train,499
10,train,500
10,train,501
10,train,502
10,train,503
10,train,504
10,train,505
10,train,506
10,train,507
10,train,508
10,train,509
10,train,510
10,train,511
10,train,512
10,train,513
10,train,514
10,train,515
10,train,516
10,train,517
10,train,518
10,train,519
10,train,520
10,train,521
10,train,522
10,train,523
10,train,524
10,train,525
10,train,526
10,train,527
10,train,528
10,train,529
10,train,532
10,train,534
10,train,535
10,train,536
10,train,537
10,train,538
10,train,539
10,train,540
10,train,541
10,train,543
10,train,544
10,train,545
10,train,546
10,train,547
10,train,548
10,train,549
10,train,550
10,train,551
10,train,552
10,train,553
10,train,554
10,train,555
10,train,556
10,train,558
10,train,559
10,train,560
10,train,561
10,train,562
10,train,563
10,train,564
10,train,566
10,train,567
10,test,11
10,test,16
10,test,17
10,test,19
10,test,25
10,test,30
10,test,38
10,test,44
10,test,48
10,test,51
10,test,53
10,test,72
10,test,84
10,test,102
10,test,104
10,test,106
10,test,128
10,test,154
10,test,160
10,test,174
10,test,175
10,test,184
10,test,185
10,test,190
10,test,204
10,test,228
10,test,234
10,test,241
10,test,249
10,test,258
10,test,268
10,test,313
10,test,345
10,test,350
10,test,354
10,test,361
10,test,387
10,test,392
10,test,399
10,test,406
10,test,416
10,test,426
10,test,438
10,test,442
10,test,448
10,test,471
10,test,475
10,test,483
10,test,484
10,test,488
10,test,530
10,test,531
10,test,533
10,test,542
10,test,557
10,test,565
